file,class,method,ATFD,ATLD,LAA,FDP
C:\Users\syuuj\gitProject\redisson\src\main\java\com\lambdaworks\redis\RedisClient.java,com.lambdaworks.redis.RedisClient,"connect/0[]",0.0,0.0,-1.0,0.0
C:\Users\syuuj\gitProject\redisson\src\main\java\com\lambdaworks\redis\RedisClient.java,com.lambdaworks.redis.RedisClient,"connect/1[com.lambdaworks.redis.codec.RedisCodec]",0.0,0.0,-1.0,0.0
C:\Users\syuuj\gitProject\redisson\src\main\java\com\lambdaworks\redis\RedisClient.java,com.lambdaworks.redis.RedisClient,"connect/2[com.lambdaworks.redis.protocol.CommandHandler, T]",1.0,3.0,0.75,1.0
C:\Users\syuuj\gitProject\redisson\src\main\java\com\lambdaworks\redis\RedisClient.java,com.lambdaworks.redis.RedisClient,"connectAsync/0[]",0.0,0.0,-1.0,0.0
C:\Users\syuuj\gitProject\redisson\src\main\java\com\lambdaworks\redis\RedisClient.java,com.lambdaworks.redis.RedisClient,"connectAsync/1[com.lambdaworks.redis.codec.RedisCodec]",0.0,2.0,1.0,0.0
C:\Users\syuuj\gitProject\redisson\src\main\java\com\lambdaworks\redis\RedisClient.java,com.lambdaworks.redis.RedisClient,"connectPubSub/0[]",0.0,0.0,-1.0,0.0
C:\Users\syuuj\gitProject\redisson\src\main\java\com\lambdaworks\redis\RedisClient.java,com.lambdaworks.redis.RedisClient,"connectPubSub/1[com.lambdaworks.redis.codec.RedisCodec]",0.0,2.0,1.0,0.0
C:\Users\syuuj\gitProject\redisson\src\main\java\com\lambdaworks\redis\RedisClient.java,com.lambdaworks.redis.RedisClient,"setDefaultTimeout/2[long, java.util.concurrent.TimeUnit]",1.0,2.0,0.6666667,1.0
C:\Users\syuuj\gitProject\redisson\src\main\java\com\lambdaworks\redis\RedisClient.java,com.lambdaworks.redis.RedisClient,"shutdown/0[]",2.0,1.0,0.33333334,2.0
C:\Users\syuuj\gitProject\redisson\src\main\java\com\lambdaworks\redis\pubsub\RedisPubSubConnection.java,com.lambdaworks.redis.pubsub.RedisPubSubConnection,"addListener/1[com.lambdaworks.redis.pubsub.RedisPubSubListener]",0.0,0.0,-1.0,0.0
C:\Users\syuuj\gitProject\redisson\src\main\java\com\lambdaworks\redis\pubsub\RedisPubSubConnection.java,com.lambdaworks.redis.pubsub.RedisPubSubConnection,"args/1[K[]]",0.0,1.0,1.0,0.0
C:\Users\syuuj\gitProject\redisson\src\main\java\com\lambdaworks\redis\pubsub\RedisPubSubConnection.java,com.lambdaworks.redis.pubsub.RedisPubSubConnection,"channelActive/1[io.netty.channel.ChannelHandlerContext]",0.0,2.0,1.0,0.0
C:\Users\syuuj\gitProject\redisson\src\main\java\com\lambdaworks\redis\pubsub\RedisPubSubConnection.java,com.lambdaworks.redis.pubsub.RedisPubSubConnection,"channelRead/2[io.netty.channel.ChannelHandlerContext, java.lang.Object]",8.0,1.0,0.11111111,2.0
C:\Users\syuuj\gitProject\redisson\src\main\java\com\lambdaworks\redis\pubsub\RedisPubSubConnection.java,com.lambdaworks.redis.pubsub.RedisPubSubConnection,"psubscribe/1[K[]]",1.0,1.0,0.5,1.0
C:\Users\syuuj\gitProject\redisson\src\main\java\com\lambdaworks\redis\pubsub\RedisPubSubConnection.java,com.lambdaworks.redis.pubsub.RedisPubSubConnection,"punsubscribe/1[K[]]",1.0,1.0,0.5,1.0
C:\Users\syuuj\gitProject\redisson\src\main\java\com\lambdaworks\redis\pubsub\RedisPubSubConnection.java,com.lambdaworks.redis.pubsub.RedisPubSubConnection,"removeListener/1[com.lambdaworks.redis.pubsub.RedisPubSubListener]",0.0,0.0,-1.0,0.0
C:\Users\syuuj\gitProject\redisson\src\main\java\com\lambdaworks\redis\pubsub\RedisPubSubConnection.java,com.lambdaworks.redis.pubsub.RedisPubSubConnection,"subscribe/1[K[]]",1.0,1.0,0.5,1.0
C:\Users\syuuj\gitProject\redisson\src\main\java\com\lambdaworks\redis\pubsub\RedisPubSubConnection.java,com.lambdaworks.redis.pubsub.RedisPubSubConnection,"toArray/1[java.util.Collection]",1.0,0.0,0.0,1.0
C:\Users\syuuj\gitProject\redisson\src\main\java\com\lambdaworks\redis\pubsub\RedisPubSubConnection.java,com.lambdaworks.redis.pubsub.RedisPubSubConnection,"unsubscribe/1[K[]]",1.0,1.0,0.5,1.0
C:\Users\syuuj\gitProject\redisson\src\main\java\com\lambdaworks\redis\protocol\CommandArgs.java,com.lambdaworks.redis.protocol.CommandArgs,"add/1[byte[]]",0.0,0.0,-1.0,0.0
C:\Users\syuuj\gitProject\redisson\src\main\java\com\lambdaworks\redis\protocol\CommandArgs.java,com.lambdaworks.redis.protocol.CommandArgs,"add/1[com.lambdaworks.redis.protocol.CommandKeyword]",1.0,0.0,0.0,1.0
C:\Users\syuuj\gitProject\redisson\src\main\java\com\lambdaworks\redis\protocol\CommandArgs.java,com.lambdaworks.redis.protocol.CommandArgs,"add/1[com.lambdaworks.redis.protocol.CommandType]",1.0,0.0,0.0,1.0
C:\Users\syuuj\gitProject\redisson\src\main\java\com\lambdaworks\redis\protocol\CommandArgs.java,com.lambdaworks.redis.protocol.CommandArgs,"add/1[double]",0.0,0.0,-1.0,0.0
C:\Users\syuuj\gitProject\redisson\src\main\java\com\lambdaworks\redis\protocol\CommandArgs.java,com.lambdaworks.redis.protocol.CommandArgs,"add/1[java.lang.String]",0.0,0.0,-1.0,0.0
C:\Users\syuuj\gitProject\redisson\src\main\java\com\lambdaworks\redis\protocol\CommandArgs.java,com.lambdaworks.redis.protocol.CommandArgs,"add/1[java.util.Map]",2.0,0.0,0.0,1.0
C:\Users\syuuj\gitProject\redisson\src\main\java\com\lambdaworks\redis\protocol\CommandArgs.java,com.lambdaworks.redis.protocol.CommandArgs,"add/1[long]",0.0,0.0,-1.0,0.0
C:\Users\syuuj\gitProject\redisson\src\main\java\com\lambdaworks\redis\protocol\CommandArgs.java,com.lambdaworks.redis.protocol.CommandArgs,"addKey/1[K]",0.0,0.0,-1.0,0.0
C:\Users\syuuj\gitProject\redisson\src\main\java\com\lambdaworks\redis\protocol\CommandArgs.java,com.lambdaworks.redis.protocol.CommandArgs,"addKeys/1[K[]]",0.0,0.0,-1.0,0.0
C:\Users\syuuj\gitProject\redisson\src\main\java\com\lambdaworks\redis\protocol\CommandArgs.java,com.lambdaworks.redis.protocol.CommandArgs,"addValue/1[V]",0.0,0.0,-1.0,0.0
C:\Users\syuuj\gitProject\redisson\src\main\java\com\lambdaworks\redis\protocol\CommandArgs.java,com.lambdaworks.redis.protocol.CommandArgs,"addValues/1[V[]]",0.0,0.0,-1.0,0.0
C:\Users\syuuj\gitProject\redisson\src\main\java\com\lambdaworks\redis\protocol\CommandArgs.java,com.lambdaworks.redis.protocol.CommandArgs,"buffer/0[]",0.0,1.0,1.0,0.0
C:\Users\syuuj\gitProject\redisson\src\main\java\com\lambdaworks\redis\protocol\CommandArgs.java,com.lambdaworks.redis.protocol.CommandArgs,"count/0[]",0.0,1.0,1.0,0.0
C:\Users\syuuj\gitProject\redisson\src\main\java\com\lambdaworks\redis\protocol\CommandArgs.java,com.lambdaworks.redis.protocol.CommandArgs,"realloc/1[int]",0.0,2.0,1.0,0.0
C:\Users\syuuj\gitProject\redisson\src\main\java\com\lambdaworks\redis\protocol\CommandArgs.java,com.lambdaworks.redis.protocol.CommandArgs,"write/1[byte[]]",3.0,3.0,0.5,1.0
C:\Users\syuuj\gitProject\redisson\src\main\java\com\lambdaworks\redis\protocol\CommandArgs.java,com.lambdaworks.redis.protocol.CommandArgs,"write/1[java.lang.String]",0.0,3.0,1.0,0.0
C:\Users\syuuj\gitProject\redisson\src\main\java\com\lambdaworks\redis\protocol\CommandArgs.java,com.lambdaworks.redis.protocol.CommandArgs,"write/1[long]",0.0,0.0,-1.0,0.0
C:\Users\syuuj\gitProject\redisson\src\main\java\com\lambdaworks\redis\pubsub\PubSubCommandHandler.java,com.lambdaworks.redis.pubsub.PubSubCommandHandler,"decode/2[ChannelHandlerContext, io.netty.buffer.ByteBuf]",1.0,4.0,0.8,1.0
C:\Users\syuuj\gitProject\redisson\src\main\java\com\lambdaworks\redis\codec\RedisCodec.java,com.lambdaworks.redis.codec.RedisCodec,"decodeKey/1[java.nio.ByteBuffer]",0.0,0.0,-1.0,0.0
C:\Users\syuuj\gitProject\redisson\src\main\java\com\lambdaworks\redis\codec\RedisCodec.java,com.lambdaworks.redis.codec.RedisCodec,"decodeValue/1[java.nio.ByteBuffer]",0.0,0.0,-1.0,0.0
C:\Users\syuuj\gitProject\redisson\src\main\java\com\lambdaworks\redis\codec\RedisCodec.java,com.lambdaworks.redis.codec.RedisCodec,"encodeKey/1[K]",0.0,0.0,-1.0,0.0
C:\Users\syuuj\gitProject\redisson\src\main\java\com\lambdaworks\redis\codec\RedisCodec.java,com.lambdaworks.redis.codec.RedisCodec,"encodeValue/1[V]",0.0,0.0,-1.0,0.0
C:\Users\syuuj\gitProject\redisson\src\main\java\com\lambdaworks\redis\output\MultiOutput.java,com.lambdaworks.redis.output.MultiOutput,"add/1[com.lambdaworks.redis.protocol.Command]",0.0,0.0,-1.0,0.0
C:\Users\syuuj\gitProject\redisson\src\main\java\com\lambdaworks\redis\output\MultiOutput.java,com.lambdaworks.redis.output.MultiOutput,"cancel/0[]",0.0,1.0,1.0,0.0
C:\Users\syuuj\gitProject\redisson\src\main\java\com\lambdaworks\redis\output\MultiOutput.java,com.lambdaworks.redis.output.MultiOutput,"complete/1[int]",3.0,1.0,0.25,2.0
C:\Users\syuuj\gitProject\redisson\src\main\java\com\lambdaworks\redis\output\MultiOutput.java,com.lambdaworks.redis.output.MultiOutput,"set/1[java.nio.ByteBuffer]",2.0,0.0,0.0,2.0
C:\Users\syuuj\gitProject\redisson\src\main\java\com\lambdaworks\redis\output\MultiOutput.java,com.lambdaworks.redis.output.MultiOutput,"set/1[long]",2.0,0.0,0.0,2.0
C:\Users\syuuj\gitProject\redisson\src\main\java\com\lambdaworks\redis\output\MultiOutput.java,com.lambdaworks.redis.output.MultiOutput,"setError/1[java.nio.ByteBuffer]",2.0,0.0,0.0,2.0
C:\Users\syuuj\gitProject\redisson\src\main\java\com\lambdaworks\redis\ScoredValue.java,com.lambdaworks.redis.ScoredValue,"equals/1[java.lang.Object]",2.0,2.0,0.5,1.0
C:\Users\syuuj\gitProject\redisson\src\main\java\com\lambdaworks\redis\ScoredValue.java,com.lambdaworks.redis.ScoredValue,"hashCode/0[]",0.0,3.0,1.0,0.0
C:\Users\syuuj\gitProject\redisson\src\main\java\com\lambdaworks\redis\ScoredValue.java,com.lambdaworks.redis.ScoredValue,"toString/0[]",0.0,2.0,1.0,0.0
C:\Users\syuuj\gitProject\redisson\src\main\java\com\lambdaworks\redis\output\NestedMultiOutput.java,com.lambdaworks.redis.output.NestedMultiOutput,"complete/1[int]",0.0,7.0,1.0,0.0
C:\Users\syuuj\gitProject\redisson\src\main\java\com\lambdaworks\redis\output\NestedMultiOutput.java,com.lambdaworks.redis.output.NestedMultiOutput,"set/1[java.nio.ByteBuffer]",0.0,0.0,-1.0,0.0
C:\Users\syuuj\gitProject\redisson\src\main\java\com\lambdaworks\redis\output\NestedMultiOutput.java,com.lambdaworks.redis.output.NestedMultiOutput,"set/1[long]",0.0,0.0,-1.0,0.0
C:\Users\syuuj\gitProject\redisson\src\main\java\com\lambdaworks\redis\output\NestedMultiOutput.java,com.lambdaworks.redis.output.NestedMultiOutput,"setError/1[java.nio.ByteBuffer]",0.0,0.0,-1.0,0.0
C:\Users\syuuj\gitProject\redisson\src\main\java\com\lambdaworks\redis\ZStoreArgs.java,com.lambdaworks.redis.ZStoreArgs$Builder,"max/0[]",0.0,0.0,-1.0,0.0
C:\Users\syuuj\gitProject\redisson\src\main\java\com\lambdaworks\redis\ZStoreArgs.java,com.lambdaworks.redis.ZStoreArgs$Builder,"min/0[]",0.0,0.0,-1.0,0.0
C:\Users\syuuj\gitProject\redisson\src\main\java\com\lambdaworks\redis\ZStoreArgs.java,com.lambdaworks.redis.ZStoreArgs$Builder,"sum/0[]",0.0,0.0,-1.0,0.0
C:\Users\syuuj\gitProject\redisson\src\main\java\com\lambdaworks\redis\ZStoreArgs.java,com.lambdaworks.redis.ZStoreArgs$Builder,"weights/1[long[]]",0.0,0.0,-1.0,0.0
C:\Users\syuuj\gitProject\redisson\src\main\java\com\lambdaworks\redis\output\ValueListOutput.java,com.lambdaworks.redis.output.ValueListOutput,"set/1[java.nio.ByteBuffer]",0.0,0.0,-1.0,0.0
C:\Users\syuuj\gitProject\redisson\src\main\java\com\lambdaworks\redis\output\StringListOutput.java,com.lambdaworks.redis.output.StringListOutput,"set/1[java.nio.ByteBuffer]",0.0,0.0,-1.0,0.0
C:\Users\syuuj\gitProject\redisson\src\main\java\com\lambdaworks\redis\output\DateOutput.java,com.lambdaworks.redis.output.DateOutput,"set/1[long]",0.0,1.0,1.0,0.0
C:\Users\syuuj\gitProject\redisson\src\main\java\com\lambdaworks\redis\protocol\CommandOutput.java,com.lambdaworks.redis.protocol.CommandOutput,"complete/1[int]",0.0,0.0,-1.0,0.0
C:\Users\syuuj\gitProject\redisson\src\main\java\com\lambdaworks\redis\protocol\CommandOutput.java,com.lambdaworks.redis.protocol.CommandOutput,"decodeAscii/1[java.nio.ByteBuffer]",2.0,0.0,0.0,2.0
C:\Users\syuuj\gitProject\redisson\src\main\java\com\lambdaworks\redis\protocol\CommandOutput.java,com.lambdaworks.redis.protocol.CommandOutput,"get/0[]",0.0,1.0,1.0,0.0
C:\Users\syuuj\gitProject\redisson\src\main\java\com\lambdaworks\redis\protocol\CommandOutput.java,com.lambdaworks.redis.protocol.CommandOutput,"getError/0[]",0.0,1.0,1.0,0.0
C:\Users\syuuj\gitProject\redisson\src\main\java\com\lambdaworks\redis\protocol\CommandOutput.java,com.lambdaworks.redis.protocol.CommandOutput,"hasError/0[]",0.0,1.0,1.0,0.0
C:\Users\syuuj\gitProject\redisson\src\main\java\com\lambdaworks\redis\protocol\CommandOutput.java,com.lambdaworks.redis.protocol.CommandOutput,"set/1[java.nio.ByteBuffer]",0.0,0.0,-1.0,0.0
C:\Users\syuuj\gitProject\redisson\src\main\java\com\lambdaworks\redis\protocol\CommandOutput.java,com.lambdaworks.redis.protocol.CommandOutput,"set/1[long]",0.0,0.0,-1.0,0.0
C:\Users\syuuj\gitProject\redisson\src\main\java\com\lambdaworks\redis\protocol\CommandOutput.java,com.lambdaworks.redis.protocol.CommandOutput,"setError/1[java.lang.String]",0.0,1.0,1.0,0.0
C:\Users\syuuj\gitProject\redisson\src\main\java\com\lambdaworks\redis\protocol\CommandOutput.java,com.lambdaworks.redis.protocol.CommandOutput,"setError/1[java.nio.ByteBuffer]",0.0,1.0,1.0,0.0
C:\Users\syuuj\gitProject\redisson\src\main\java\com\lambdaworks\redis\RedisAsyncConnection.java,com.lambdaworks.redis.RedisAsyncConnection,"append/2[K, V]",1.0,1.0,0.5,1.0
C:\Users\syuuj\gitProject\redisson\src\main\java\com\lambdaworks\redis\RedisAsyncConnection.java,com.lambdaworks.redis.RedisAsyncConnection,"auth/1[java.lang.String]",1.0,5.0,0.8333333,1.0
C:\Users\syuuj\gitProject\redisson\src\main\java\com\lambdaworks\redis\RedisAsyncConnection.java,com.lambdaworks.redis.RedisAsyncConnection,"await/3[com.lambdaworks.redis.protocol.Command, long, java.util.concurrent.TimeUnit]",3.0,0.0,0.0,2.0
C:\Users\syuuj\gitProject\redisson\src\main\java\com\lambdaworks\redis\RedisAsyncConnection.java,com.lambdaworks.redis.RedisAsyncConnection,"awaitAll/1[java.util.concurrent.Future[]]",0.0,2.0,1.0,0.0
C:\Users\syuuj\gitProject\redisson\src\main\java\com\lambdaworks\redis\RedisAsyncConnection.java,com.lambdaworks.redis.RedisAsyncConnection,"awaitAll/3[long, java.util.concurrent.TimeUnit, java.util.concurrent.Future[]]",2.0,0.0,0.0,2.0
C:\Users\syuuj\gitProject\redisson\src\main\java\com\lambdaworks\redis\RedisAsyncConnection.java,com.lambdaworks.redis.RedisAsyncConnection,"bgrewriteaof/0[]",1.0,1.0,0.5,1.0
C:\Users\syuuj\gitProject\redisson\src\main\java\com\lambdaworks\redis\RedisAsyncConnection.java,com.lambdaworks.redis.RedisAsyncConnection,"bgsave/0[]",1.0,1.0,0.5,1.0
C:\Users\syuuj\gitProject\redisson\src\main\java\com\lambdaworks\redis\RedisAsyncConnection.java,com.lambdaworks.redis.RedisAsyncConnection,"bitcount/1[K]",1.0,2.0,0.6666667,1.0
C:\Users\syuuj\gitProject\redisson\src\main\java\com\lambdaworks\redis\RedisAsyncConnection.java,com.lambdaworks.redis.RedisAsyncConnection,"bitcount/3[K, long, long]",1.0,2.0,0.6666667,1.0
C:\Users\syuuj\gitProject\redisson\src\main\java\com\lambdaworks\redis\RedisAsyncConnection.java,com.lambdaworks.redis.RedisAsyncConnection,"bitopAnd/2[K, K[]]",2.0,2.0,0.5,2.0
C:\Users\syuuj\gitProject\redisson\src\main\java\com\lambdaworks\redis\RedisAsyncConnection.java,com.lambdaworks.redis.RedisAsyncConnection,"bitopNot/2[K, K]",2.0,2.0,0.5,2.0
C:\Users\syuuj\gitProject\redisson\src\main\java\com\lambdaworks\redis\RedisAsyncConnection.java,com.lambdaworks.redis.RedisAsyncConnection,"bitopOr/2[K, K[]]",2.0,2.0,0.5,2.0
C:\Users\syuuj\gitProject\redisson\src\main\java\com\lambdaworks\redis\RedisAsyncConnection.java,com.lambdaworks.redis.RedisAsyncConnection,"bitopXor/2[K, K[]]",2.0,2.0,0.5,2.0
C:\Users\syuuj\gitProject\redisson\src\main\java\com\lambdaworks\redis\RedisAsyncConnection.java,com.lambdaworks.redis.RedisAsyncConnection,"blpop/2[long, K[]]",1.0,2.0,0.6666667,1.0
C:\Users\syuuj\gitProject\redisson\src\main\java\com\lambdaworks\redis\RedisAsyncConnection.java,com.lambdaworks.redis.RedisAsyncConnection,"brpop/2[long, K[]]",1.0,2.0,0.6666667,1.0
C:\Users\syuuj\gitProject\redisson\src\main\java\com\lambdaworks\redis\RedisAsyncConnection.java,com.lambdaworks.redis.RedisAsyncConnection,"brpoplpush/3[long, K, K]",1.0,2.0,0.6666667,1.0
C:\Users\syuuj\gitProject\redisson\src\main\java\com\lambdaworks\redis\RedisAsyncConnection.java,com.lambdaworks.redis.RedisAsyncConnection,"channelActive/1[io.netty.channel.ChannelHandlerContext]",2.0,10.0,0.8333333,1.0
C:\Users\syuuj\gitProject\redisson\src\main\java\com\lambdaworks\redis\RedisAsyncConnection.java,com.lambdaworks.redis.RedisAsyncConnection,"channelInactive/1[io.netty.channel.ChannelHandlerContext]",3.0,4.0,0.5714286,2.0
C:\Users\syuuj\gitProject\redisson\src\main\java\com\lambdaworks\redis\RedisAsyncConnection.java,com.lambdaworks.redis.RedisAsyncConnection,"clientGetname/0[]",2.0,2.0,0.5,2.0
C:\Users\syuuj\gitProject\redisson\src\main\java\com\lambdaworks\redis\RedisAsyncConnection.java,com.lambdaworks.redis.RedisAsyncConnection,"clientKill/1[java.lang.String]",2.0,2.0,0.5,2.0
C:\Users\syuuj\gitProject\redisson\src\main\java\com\lambdaworks\redis\RedisAsyncConnection.java,com.lambdaworks.redis.RedisAsyncConnection,"clientList/0[]",2.0,2.0,0.5,2.0
C:\Users\syuuj\gitProject\redisson\src\main\java\com\lambdaworks\redis\RedisAsyncConnection.java,com.lambdaworks.redis.RedisAsyncConnection,"clientSetname/1[K]",2.0,2.0,0.5,2.0
C:\Users\syuuj\gitProject\redisson\src\main\java\com\lambdaworks\redis\RedisAsyncConnection.java,com.lambdaworks.redis.RedisAsyncConnection,"close/0[]",3.0,3.0,0.6,1.0
C:\Users\syuuj\gitProject\redisson\src\main\java\com\lambdaworks\redis\RedisAsyncConnection.java,com.lambdaworks.redis.RedisAsyncConnection,"configGet/1[java.lang.String]",2.0,2.0,0.5,1.0
C:\Users\syuuj\gitProject\redisson\src\main\java\com\lambdaworks\redis\RedisAsyncConnection.java,com.lambdaworks.redis.RedisAsyncConnection,"configResetstat/0[]",2.0,2.0,0.5,2.0
C:\Users\syuuj\gitProject\redisson\src\main\java\com\lambdaworks\redis\RedisAsyncConnection.java,com.lambdaworks.redis.RedisAsyncConnection,"configSet/2[java.lang.String, java.lang.String]",2.0,2.0,0.5,1.0
C:\Users\syuuj\gitProject\redisson\src\main\java\com\lambdaworks\redis\RedisAsyncConnection.java,com.lambdaworks.redis.RedisAsyncConnection,"dbsize/0[]",1.0,1.0,0.5,1.0
C:\Users\syuuj\gitProject\redisson\src\main\java\com\lambdaworks\redis\RedisAsyncConnection.java,com.lambdaworks.redis.RedisAsyncConnection,"debugObject/1[K]",2.0,2.0,0.5,1.0
C:\Users\syuuj\gitProject\redisson\src\main\java\com\lambdaworks\redis\RedisAsyncConnection.java,com.lambdaworks.redis.RedisAsyncConnection,"decr/1[K]",1.0,1.0,0.5,1.0
C:\Users\syuuj\gitProject\redisson\src\main\java\com\lambdaworks\redis\RedisAsyncConnection.java,com.lambdaworks.redis.RedisAsyncConnection,"decrby/2[K, long]",1.0,2.0,0.6666667,1.0
C:\Users\syuuj\gitProject\redisson\src\main\java\com\lambdaworks\redis\RedisAsyncConnection.java,com.lambdaworks.redis.RedisAsyncConnection,"del/1[K[]]",1.0,2.0,0.6666667,1.0
C:\Users\syuuj\gitProject\redisson\src\main\java\com\lambdaworks\redis\RedisAsyncConnection.java,com.lambdaworks.redis.RedisAsyncConnection,"digest/1[V]",1.0,0.0,0.0,1.0
C:\Users\syuuj\gitProject\redisson\src\main\java\com\lambdaworks\redis\RedisAsyncConnection.java,com.lambdaworks.redis.RedisAsyncConnection,"discard/0[]",1.0,3.0,0.75,1.0
C:\Users\syuuj\gitProject\redisson\src\main\java\com\lambdaworks\redis\RedisAsyncConnection.java,com.lambdaworks.redis.RedisAsyncConnection,"dispatch/2[com.lambdaworks.redis.protocol.CommandType, com.lambdaworks.redis.protocol.CommandOutput]",0.0,0.0,-1.0,0.0
C:\Users\syuuj\gitProject\redisson\src\main\java\com\lambdaworks\redis\RedisAsyncConnection.java,com.lambdaworks.redis.RedisAsyncConnection,"dispatch/3[com.lambdaworks.redis.protocol.CommandType, com.lambdaworks.redis.protocol.CommandOutput, com.lambdaworks.redis.protocol.CommandArgs]",0.0,3.0,1.0,0.0
C:\Users\syuuj\gitProject\redisson\src\main\java\com\lambdaworks\redis\RedisAsyncConnection.java,com.lambdaworks.redis.RedisAsyncConnection,"dispatch/3[com.lambdaworks.redis.protocol.CommandType, com.lambdaworks.redis.protocol.CommandOutput, K]",0.0,1.0,1.0,0.0
C:\Users\syuuj\gitProject\redisson\src\main\java\com\lambdaworks\redis\RedisAsyncConnection.java,com.lambdaworks.redis.RedisAsyncConnection,"dispatch/4[com.lambdaworks.redis.protocol.CommandType, com.lambdaworks.redis.protocol.CommandOutput, K, V]",0.0,1.0,1.0,0.0
C:\Users\syuuj\gitProject\redisson\src\main\java\com\lambdaworks\redis\RedisAsyncConnection.java,com.lambdaworks.redis.RedisAsyncConnection,"dispatch/4[com.lambdaworks.redis.protocol.CommandType, com.lambdaworks.redis.protocol.CommandOutput, K, V[]]",0.0,1.0,1.0,0.0
C:\Users\syuuj\gitProject\redisson\src\main\java\com\lambdaworks\redis\RedisAsyncConnection.java,com.lambdaworks.redis.RedisAsyncConnection,"dump/1[K]",1.0,2.0,0.6666667,1.0
C:\Users\syuuj\gitProject\redisson\src\main\java\com\lambdaworks\redis\RedisAsyncConnection.java,com.lambdaworks.redis.RedisAsyncConnection,"echo/1[V]",1.0,2.0,0.6666667,1.0
C:\Users\syuuj\gitProject\redisson\src\main\java\com\lambdaworks\redis\RedisAsyncConnection.java,com.lambdaworks.redis.RedisAsyncConnection,"eval/4[V, com.lambdaworks.redis.ScriptOutputType, K[], V[]]",2.0,2.0,0.5,2.0
C:\Users\syuuj\gitProject\redisson\src\main\java\com\lambdaworks\redis\RedisAsyncConnection.java,com.lambdaworks.redis.RedisAsyncConnection,"evalsha/4[java.lang.String, com.lambdaworks.redis.ScriptOutputType, K[], V[]]",2.0,2.0,0.5,2.0
C:\Users\syuuj\gitProject\redisson\src\main\java\com\lambdaworks\redis\RedisAsyncConnection.java,com.lambdaworks.redis.RedisAsyncConnection,"exec/0[]",1.0,3.0,0.75,1.0
C:\Users\syuuj\gitProject\redisson\src\main\java\com\lambdaworks\redis\RedisAsyncConnection.java,com.lambdaworks.redis.RedisAsyncConnection,"exists/1[K]",1.0,1.0,0.5,1.0
C:\Users\syuuj\gitProject\redisson\src\main\java\com\lambdaworks\redis\RedisAsyncConnection.java,com.lambdaworks.redis.RedisAsyncConnection,"expire/2[K, long]",1.0,2.0,0.6666667,1.0
C:\Users\syuuj\gitProject\redisson\src\main\java\com\lambdaworks\redis\RedisAsyncConnection.java,com.lambdaworks.redis.RedisAsyncConnection,"expireat/2[K, java.util.Date]",1.0,0.0,0.0,1.0
C:\Users\syuuj\gitProject\redisson\src\main\java\com\lambdaworks\redis\RedisAsyncConnection.java,com.lambdaworks.redis.RedisAsyncConnection,"expireat/2[K, long]",1.0,2.0,0.6666667,1.0
C:\Users\syuuj\gitProject\redisson\src\main\java\com\lambdaworks\redis\RedisAsyncConnection.java,com.lambdaworks.redis.RedisAsyncConnection,"flushall/0[]",1.0,1.0,0.5,1.0
C:\Users\syuuj\gitProject\redisson\src\main\java\com\lambdaworks\redis\RedisAsyncConnection.java,com.lambdaworks.redis.RedisAsyncConnection,"flushdb/0[]",1.0,1.0,0.5,1.0
C:\Users\syuuj\gitProject\redisson\src\main\java\com\lambdaworks\redis\RedisAsyncConnection.java,com.lambdaworks.redis.RedisAsyncConnection,"get/1[K]",1.0,1.0,0.5,1.0
C:\Users\syuuj\gitProject\redisson\src\main\java\com\lambdaworks\redis\RedisAsyncConnection.java,com.lambdaworks.redis.RedisAsyncConnection,"getbit/2[K, long]",1.0,2.0,0.6666667,1.0
C:\Users\syuuj\gitProject\redisson\src\main\java\com\lambdaworks\redis\RedisAsyncConnection.java,com.lambdaworks.redis.RedisAsyncConnection,"getrange/3[K, long, long]",1.0,2.0,0.6666667,1.0
C:\Users\syuuj\gitProject\redisson\src\main\java\com\lambdaworks\redis\RedisAsyncConnection.java,com.lambdaworks.redis.RedisAsyncConnection,"getset/2[K, V]",1.0,1.0,0.5,1.0
C:\Users\syuuj\gitProject\redisson\src\main\java\com\lambdaworks\redis\RedisAsyncConnection.java,com.lambdaworks.redis.RedisAsyncConnection,"hdel/2[K, K[]]",1.0,2.0,0.6666667,1.0
C:\Users\syuuj\gitProject\redisson\src\main\java\com\lambdaworks\redis\RedisAsyncConnection.java,com.lambdaworks.redis.RedisAsyncConnection,"hexists/2[K, K]",1.0,2.0,0.6666667,1.0
C:\Users\syuuj\gitProject\redisson\src\main\java\com\lambdaworks\redis\RedisAsyncConnection.java,com.lambdaworks.redis.RedisAsyncConnection,"hget/2[K, K]",1.0,2.0,0.6666667,1.0
C:\Users\syuuj\gitProject\redisson\src\main\java\com\lambdaworks\redis\RedisAsyncConnection.java,com.lambdaworks.redis.RedisAsyncConnection,"hgetall/1[K]",1.0,1.0,0.5,1.0
C:\Users\syuuj\gitProject\redisson\src\main\java\com\lambdaworks\redis\RedisAsyncConnection.java,com.lambdaworks.redis.RedisAsyncConnection,"hincrby/3[K, K, long]",1.0,2.0,0.6666667,1.0
C:\Users\syuuj\gitProject\redisson\src\main\java\com\lambdaworks\redis\RedisAsyncConnection.java,com.lambdaworks.redis.RedisAsyncConnection,"hincrbyfloat/3[K, K, double]",1.0,2.0,0.6666667,1.0
C:\Users\syuuj\gitProject\redisson\src\main\java\com\lambdaworks\redis\RedisAsyncConnection.java,com.lambdaworks.redis.RedisAsyncConnection,"hkeys/1[K]",1.0,1.0,0.5,1.0
C:\Users\syuuj\gitProject\redisson\src\main\java\com\lambdaworks\redis\RedisAsyncConnection.java,com.lambdaworks.redis.RedisAsyncConnection,"hlen/1[K]",1.0,1.0,0.5,1.0
C:\Users\syuuj\gitProject\redisson\src\main\java\com\lambdaworks\redis\RedisAsyncConnection.java,com.lambdaworks.redis.RedisAsyncConnection,"hmget/2[K, K[]]",1.0,2.0,0.6666667,1.0
C:\Users\syuuj\gitProject\redisson\src\main\java\com\lambdaworks\redis\RedisAsyncConnection.java,com.lambdaworks.redis.RedisAsyncConnection,"hmset/2[K, java.util.Map]",1.0,2.0,0.6666667,1.0
C:\Users\syuuj\gitProject\redisson\src\main\java\com\lambdaworks\redis\RedisAsyncConnection.java,com.lambdaworks.redis.RedisAsyncConnection,"hset/3[K, K, V]",1.0,2.0,0.6666667,1.0
C:\Users\syuuj\gitProject\redisson\src\main\java\com\lambdaworks\redis\RedisAsyncConnection.java,com.lambdaworks.redis.RedisAsyncConnection,"hsetnx/3[K, K, V]",1.0,2.0,0.6666667,1.0
C:\Users\syuuj\gitProject\redisson\src\main\java\com\lambdaworks\redis\RedisAsyncConnection.java,com.lambdaworks.redis.RedisAsyncConnection,"hvals/1[K]",1.0,1.0,0.5,1.0
C:\Users\syuuj\gitProject\redisson\src\main\java\com\lambdaworks\redis\RedisAsyncConnection.java,com.lambdaworks.redis.RedisAsyncConnection,"incr/1[K]",1.0,1.0,0.5,1.0
C:\Users\syuuj\gitProject\redisson\src\main\java\com\lambdaworks\redis\RedisAsyncConnection.java,com.lambdaworks.redis.RedisAsyncConnection,"incrby/2[K, long]",1.0,2.0,0.6666667,1.0
C:\Users\syuuj\gitProject\redisson\src\main\java\com\lambdaworks\redis\RedisAsyncConnection.java,com.lambdaworks.redis.RedisAsyncConnection,"incrbyfloat/2[K, double]",1.0,2.0,0.6666667,1.0
C:\Users\syuuj\gitProject\redisson\src\main\java\com\lambdaworks\redis\RedisAsyncConnection.java,com.lambdaworks.redis.RedisAsyncConnection,"info/0[]",1.0,1.0,0.5,1.0
C:\Users\syuuj\gitProject\redisson\src\main\java\com\lambdaworks\redis\RedisAsyncConnection.java,com.lambdaworks.redis.RedisAsyncConnection,"info/1[java.lang.String]",1.0,2.0,0.6666667,1.0
C:\Users\syuuj\gitProject\redisson\src\main\java\com\lambdaworks\redis\RedisAsyncConnection.java,com.lambdaworks.redis.RedisAsyncConnection,"keys/1[K]",1.0,1.0,0.5,1.0
C:\Users\syuuj\gitProject\redisson\src\main\java\com\lambdaworks\redis\RedisAsyncConnection.java,com.lambdaworks.redis.RedisAsyncConnection,"lastsave/0[]",1.0,1.0,0.5,1.0
C:\Users\syuuj\gitProject\redisson\src\main\java\com\lambdaworks\redis\RedisAsyncConnection.java,com.lambdaworks.redis.RedisAsyncConnection,"lindex/2[K, long]",1.0,2.0,0.6666667,1.0
C:\Users\syuuj\gitProject\redisson\src\main\java\com\lambdaworks\redis\RedisAsyncConnection.java,com.lambdaworks.redis.RedisAsyncConnection,"linsert/4[K, boolean, V, V]",3.0,2.0,0.4,2.0
C:\Users\syuuj\gitProject\redisson\src\main\java\com\lambdaworks\redis\RedisAsyncConnection.java,com.lambdaworks.redis.RedisAsyncConnection,"llen/1[K]",1.0,1.0,0.5,1.0
C:\Users\syuuj\gitProject\redisson\src\main\java\com\lambdaworks\redis\RedisAsyncConnection.java,com.lambdaworks.redis.RedisAsyncConnection,"lpop/1[K]",1.0,1.0,0.5,1.0
C:\Users\syuuj\gitProject\redisson\src\main\java\com\lambdaworks\redis\RedisAsyncConnection.java,com.lambdaworks.redis.RedisAsyncConnection,"lpush/2[K, V[]]",1.0,1.0,0.5,1.0
C:\Users\syuuj\gitProject\redisson\src\main\java\com\lambdaworks\redis\RedisAsyncConnection.java,com.lambdaworks.redis.RedisAsyncConnection,"lpushx/2[K, V]",1.0,1.0,0.5,1.0
C:\Users\syuuj\gitProject\redisson\src\main\java\com\lambdaworks\redis\RedisAsyncConnection.java,com.lambdaworks.redis.RedisAsyncConnection,"lrange/3[K, long, long]",1.0,2.0,0.6666667,1.0
C:\Users\syuuj\gitProject\redisson\src\main\java\com\lambdaworks\redis\RedisAsyncConnection.java,com.lambdaworks.redis.RedisAsyncConnection,"lrem/3[K, long, V]",1.0,2.0,0.6666667,1.0
C:\Users\syuuj\gitProject\redisson\src\main\java\com\lambdaworks\redis\RedisAsyncConnection.java,com.lambdaworks.redis.RedisAsyncConnection,"lset/3[K, long, V]",1.0,2.0,0.6666667,1.0
C:\Users\syuuj\gitProject\redisson\src\main\java\com\lambdaworks\redis\RedisAsyncConnection.java,com.lambdaworks.redis.RedisAsyncConnection,"ltrim/3[K, long, long]",1.0,2.0,0.6666667,1.0
C:\Users\syuuj\gitProject\redisson\src\main\java\com\lambdaworks\redis\RedisAsyncConnection.java,com.lambdaworks.redis.RedisAsyncConnection,"mget/1[K[]]",1.0,2.0,0.6666667,1.0
C:\Users\syuuj\gitProject\redisson\src\main\java\com\lambdaworks\redis\RedisAsyncConnection.java,com.lambdaworks.redis.RedisAsyncConnection,"migrate/5[java.lang.String, int, K, int, long]",1.0,2.0,0.6666667,1.0
C:\Users\syuuj\gitProject\redisson\src\main\java\com\lambdaworks\redis\RedisAsyncConnection.java,com.lambdaworks.redis.RedisAsyncConnection,"move/2[K, int]",1.0,2.0,0.6666667,1.0
C:\Users\syuuj\gitProject\redisson\src\main\java\com\lambdaworks\redis\RedisAsyncConnection.java,com.lambdaworks.redis.RedisAsyncConnection,"mset/1[java.util.Map]",1.0,2.0,0.6666667,1.0
C:\Users\syuuj\gitProject\redisson\src\main\java\com\lambdaworks\redis\RedisAsyncConnection.java,com.lambdaworks.redis.RedisAsyncConnection,"msetnx/1[java.util.Map]",1.0,2.0,0.6666667,1.0
C:\Users\syuuj\gitProject\redisson\src\main\java\com\lambdaworks\redis\RedisAsyncConnection.java,com.lambdaworks.redis.RedisAsyncConnection,"multi/0[]",1.0,5.0,0.8333333,1.0
C:\Users\syuuj\gitProject\redisson\src\main\java\com\lambdaworks\redis\RedisAsyncConnection.java,com.lambdaworks.redis.RedisAsyncConnection,"newScriptOutput/2[com.lambdaworks.redis.codec.RedisCodec, com.lambdaworks.redis.ScriptOutputType]",5.0,0.0,0.0,1.0
C:\Users\syuuj\gitProject\redisson\src\main\java\com\lambdaworks\redis\RedisAsyncConnection.java,com.lambdaworks.redis.RedisAsyncConnection,"objectEncoding/1[K]",2.0,2.0,0.5,2.0
C:\Users\syuuj\gitProject\redisson\src\main\java\com\lambdaworks\redis\RedisAsyncConnection.java,com.lambdaworks.redis.RedisAsyncConnection,"objectIdletime/1[K]",2.0,2.0,0.5,2.0
C:\Users\syuuj\gitProject\redisson\src\main\java\com\lambdaworks\redis\RedisAsyncConnection.java,com.lambdaworks.redis.RedisAsyncConnection,"objectRefcount/1[K]",2.0,2.0,0.5,2.0
C:\Users\syuuj\gitProject\redisson\src\main\java\com\lambdaworks\redis\RedisAsyncConnection.java,com.lambdaworks.redis.RedisAsyncConnection,"persist/1[K]",1.0,1.0,0.5,1.0
C:\Users\syuuj\gitProject\redisson\src\main\java\com\lambdaworks\redis\RedisAsyncConnection.java,com.lambdaworks.redis.RedisAsyncConnection,"pexpire/2[K, long]",1.0,2.0,0.6666667,1.0
C:\Users\syuuj\gitProject\redisson\src\main\java\com\lambdaworks\redis\RedisAsyncConnection.java,com.lambdaworks.redis.RedisAsyncConnection,"pexpireat/2[K, java.util.Date]",1.0,0.0,0.0,1.0
C:\Users\syuuj\gitProject\redisson\src\main\java\com\lambdaworks\redis\RedisAsyncConnection.java,com.lambdaworks.redis.RedisAsyncConnection,"pexpireat/2[K, long]",1.0,2.0,0.6666667,1.0
C:\Users\syuuj\gitProject\redisson\src\main\java\com\lambdaworks\redis\RedisAsyncConnection.java,com.lambdaworks.redis.RedisAsyncConnection,"ping/0[]",1.0,1.0,0.5,1.0
C:\Users\syuuj\gitProject\redisson\src\main\java\com\lambdaworks\redis\RedisAsyncConnection.java,com.lambdaworks.redis.RedisAsyncConnection,"pttl/1[K]",1.0,2.0,0.6666667,1.0
C:\Users\syuuj\gitProject\redisson\src\main\java\com\lambdaworks\redis\RedisAsyncConnection.java,com.lambdaworks.redis.RedisAsyncConnection,"publish/2[K, V]",1.0,2.0,0.6666667,1.0
C:\Users\syuuj\gitProject\redisson\src\main\java\com\lambdaworks\redis\RedisAsyncConnection.java,com.lambdaworks.redis.RedisAsyncConnection,"quit/0[]",1.0,1.0,0.5,1.0
C:\Users\syuuj\gitProject\redisson\src\main\java\com\lambdaworks\redis\RedisAsyncConnection.java,com.lambdaworks.redis.RedisAsyncConnection,"randomkey/0[]",1.0,1.0,0.5,1.0
C:\Users\syuuj\gitProject\redisson\src\main\java\com\lambdaworks\redis\RedisAsyncConnection.java,com.lambdaworks.redis.RedisAsyncConnection,"rename/2[K, K]",1.0,2.0,0.6666667,1.0
C:\Users\syuuj\gitProject\redisson\src\main\java\com\lambdaworks\redis\RedisAsyncConnection.java,com.lambdaworks.redis.RedisAsyncConnection,"renamenx/2[K, K]",1.0,2.0,0.6666667,1.0
C:\Users\syuuj\gitProject\redisson\src\main\java\com\lambdaworks\redis\RedisAsyncConnection.java,com.lambdaworks.redis.RedisAsyncConnection,"restore/3[K, long, byte[]]",1.0,2.0,0.6666667,1.0
C:\Users\syuuj\gitProject\redisson\src\main\java\com\lambdaworks\redis\RedisAsyncConnection.java,com.lambdaworks.redis.RedisAsyncConnection,"rpop/1[K]",1.0,1.0,0.5,1.0
C:\Users\syuuj\gitProject\redisson\src\main\java\com\lambdaworks\redis\RedisAsyncConnection.java,com.lambdaworks.redis.RedisAsyncConnection,"rpoplpush/2[K, K]",1.0,2.0,0.6666667,1.0
C:\Users\syuuj\gitProject\redisson\src\main\java\com\lambdaworks\redis\RedisAsyncConnection.java,com.lambdaworks.redis.RedisAsyncConnection,"rpush/2[K, V[]]",1.0,1.0,0.5,1.0
C:\Users\syuuj\gitProject\redisson\src\main\java\com\lambdaworks\redis\RedisAsyncConnection.java,com.lambdaworks.redis.RedisAsyncConnection,"rpushx/2[K, V]",1.0,1.0,0.5,1.0
C:\Users\syuuj\gitProject\redisson\src\main\java\com\lambdaworks\redis\RedisAsyncConnection.java,com.lambdaworks.redis.RedisAsyncConnection,"sadd/2[K, V[]]",1.0,1.0,0.5,1.0
C:\Users\syuuj\gitProject\redisson\src\main\java\com\lambdaworks\redis\RedisAsyncConnection.java,com.lambdaworks.redis.RedisAsyncConnection,"save/0[]",1.0,1.0,0.5,1.0
C:\Users\syuuj\gitProject\redisson\src\main\java\com\lambdaworks\redis\RedisAsyncConnection.java,com.lambdaworks.redis.RedisAsyncConnection,"scard/1[K]",1.0,1.0,0.5,1.0
C:\Users\syuuj\gitProject\redisson\src\main\java\com\lambdaworks\redis\RedisAsyncConnection.java,com.lambdaworks.redis.RedisAsyncConnection,"scriptExists/1[java.lang.String[]]",2.0,2.0,0.5,1.0
C:\Users\syuuj\gitProject\redisson\src\main\java\com\lambdaworks\redis\RedisAsyncConnection.java,com.lambdaworks.redis.RedisAsyncConnection,"scriptFlush/0[]",2.0,2.0,0.5,2.0
C:\Users\syuuj\gitProject\redisson\src\main\java\com\lambdaworks\redis\RedisAsyncConnection.java,com.lambdaworks.redis.RedisAsyncConnection,"scriptKill/0[]",2.0,2.0,0.5,2.0
C:\Users\syuuj\gitProject\redisson\src\main\java\com\lambdaworks\redis\RedisAsyncConnection.java,com.lambdaworks.redis.RedisAsyncConnection,"scriptLoad/1[V]",2.0,2.0,0.5,2.0
C:\Users\syuuj\gitProject\redisson\src\main\java\com\lambdaworks\redis\RedisAsyncConnection.java,com.lambdaworks.redis.RedisAsyncConnection,"sdiff/1[K[]]",1.0,2.0,0.6666667,1.0
C:\Users\syuuj\gitProject\redisson\src\main\java\com\lambdaworks\redis\RedisAsyncConnection.java,com.lambdaworks.redis.RedisAsyncConnection,"sdiffstore/2[K, K[]]",1.0,2.0,0.6666667,1.0
C:\Users\syuuj\gitProject\redisson\src\main\java\com\lambdaworks\redis\RedisAsyncConnection.java,com.lambdaworks.redis.RedisAsyncConnection,"select/1[int]",1.0,5.0,0.8333333,1.0
C:\Users\syuuj\gitProject\redisson\src\main\java\com\lambdaworks\redis\RedisAsyncConnection.java,com.lambdaworks.redis.RedisAsyncConnection,"set/2[K, V]",1.0,1.0,0.5,1.0
C:\Users\syuuj\gitProject\redisson\src\main\java\com\lambdaworks\redis\RedisAsyncConnection.java,com.lambdaworks.redis.RedisAsyncConnection,"setTimeout/2[long, java.util.concurrent.TimeUnit]",0.0,2.0,1.0,0.0
C:\Users\syuuj\gitProject\redisson\src\main\java\com\lambdaworks\redis\RedisAsyncConnection.java,com.lambdaworks.redis.RedisAsyncConnection,"setbit/3[K, long, int]",1.0,2.0,0.6666667,1.0
C:\Users\syuuj\gitProject\redisson\src\main\java\com\lambdaworks\redis\RedisAsyncConnection.java,com.lambdaworks.redis.RedisAsyncConnection,"setex/3[K, long, V]",1.0,2.0,0.6666667,1.0
C:\Users\syuuj\gitProject\redisson\src\main\java\com\lambdaworks\redis\RedisAsyncConnection.java,com.lambdaworks.redis.RedisAsyncConnection,"setnx/2[K, V]",1.0,1.0,0.5,1.0
C:\Users\syuuj\gitProject\redisson\src\main\java\com\lambdaworks\redis\RedisAsyncConnection.java,com.lambdaworks.redis.RedisAsyncConnection,"setrange/3[K, long, V]",1.0,2.0,0.6666667,1.0
C:\Users\syuuj\gitProject\redisson\src\main\java\com\lambdaworks\redis\RedisAsyncConnection.java,com.lambdaworks.redis.RedisAsyncConnection,"shutdown/0[]",1.0,1.0,0.5,1.0
C:\Users\syuuj\gitProject\redisson\src\main\java\com\lambdaworks\redis\RedisAsyncConnection.java,com.lambdaworks.redis.RedisAsyncConnection,"shutdown/1[boolean]",3.0,2.0,0.4,2.0
C:\Users\syuuj\gitProject\redisson\src\main\java\com\lambdaworks\redis\RedisAsyncConnection.java,com.lambdaworks.redis.RedisAsyncConnection,"sinter/1[K[]]",1.0,2.0,0.6666667,1.0
C:\Users\syuuj\gitProject\redisson\src\main\java\com\lambdaworks\redis\RedisAsyncConnection.java,com.lambdaworks.redis.RedisAsyncConnection,"sinterstore/2[K, K[]]",1.0,2.0,0.6666667,1.0
C:\Users\syuuj\gitProject\redisson\src\main\java\com\lambdaworks\redis\RedisAsyncConnection.java,com.lambdaworks.redis.RedisAsyncConnection,"sismember/2[K, V]",1.0,1.0,0.5,1.0
C:\Users\syuuj\gitProject\redisson\src\main\java\com\lambdaworks\redis\RedisAsyncConnection.java,com.lambdaworks.redis.RedisAsyncConnection,"slaveof/2[java.lang.String, int]",1.0,2.0,0.6666667,1.0
C:\Users\syuuj\gitProject\redisson\src\main\java\com\lambdaworks\redis\RedisAsyncConnection.java,com.lambdaworks.redis.RedisAsyncConnection,"slaveofNoOne/0[]",3.0,2.0,0.4,2.0
C:\Users\syuuj\gitProject\redisson\src\main\java\com\lambdaworks\redis\RedisAsyncConnection.java,com.lambdaworks.redis.RedisAsyncConnection,"slowlogGet/0[]",2.0,2.0,0.5,1.0
C:\Users\syuuj\gitProject\redisson\src\main\java\com\lambdaworks\redis\RedisAsyncConnection.java,com.lambdaworks.redis.RedisAsyncConnection,"slowlogGet/1[int]",2.0,2.0,0.5,1.0
C:\Users\syuuj\gitProject\redisson\src\main\java\com\lambdaworks\redis\RedisAsyncConnection.java,com.lambdaworks.redis.RedisAsyncConnection,"slowlogLen/0[]",2.0,2.0,0.5,2.0
C:\Users\syuuj\gitProject\redisson\src\main\java\com\lambdaworks\redis\RedisAsyncConnection.java,com.lambdaworks.redis.RedisAsyncConnection,"slowlogReset/0[]",2.0,2.0,0.5,2.0
C:\Users\syuuj\gitProject\redisson\src\main\java\com\lambdaworks\redis\RedisAsyncConnection.java,com.lambdaworks.redis.RedisAsyncConnection,"smembers/1[K]",1.0,1.0,0.5,1.0
C:\Users\syuuj\gitProject\redisson\src\main\java\com\lambdaworks\redis\RedisAsyncConnection.java,com.lambdaworks.redis.RedisAsyncConnection,"smove/3[K, K, V]",1.0,2.0,0.6666667,1.0
C:\Users\syuuj\gitProject\redisson\src\main\java\com\lambdaworks\redis\RedisAsyncConnection.java,com.lambdaworks.redis.RedisAsyncConnection,"sort/1[K]",1.0,1.0,0.5,1.0
C:\Users\syuuj\gitProject\redisson\src\main\java\com\lambdaworks\redis\RedisAsyncConnection.java,com.lambdaworks.redis.RedisAsyncConnection,"sort/2[K, com.lambdaworks.redis.SortArgs]",1.0,2.0,0.6666667,1.0
C:\Users\syuuj\gitProject\redisson\src\main\java\com\lambdaworks\redis\RedisAsyncConnection.java,com.lambdaworks.redis.RedisAsyncConnection,"sortStore/3[K, com.lambdaworks.redis.SortArgs, K]",1.0,2.0,0.6666667,1.0
C:\Users\syuuj\gitProject\redisson\src\main\java\com\lambdaworks\redis\RedisAsyncConnection.java,com.lambdaworks.redis.RedisAsyncConnection,"spop/1[K]",1.0,1.0,0.5,1.0
C:\Users\syuuj\gitProject\redisson\src\main\java\com\lambdaworks\redis\RedisAsyncConnection.java,com.lambdaworks.redis.RedisAsyncConnection,"srandmember/1[K]",1.0,1.0,0.5,1.0
C:\Users\syuuj\gitProject\redisson\src\main\java\com\lambdaworks\redis\RedisAsyncConnection.java,com.lambdaworks.redis.RedisAsyncConnection,"srandmember/2[K, long]",1.0,2.0,0.6666667,1.0
C:\Users\syuuj\gitProject\redisson\src\main\java\com\lambdaworks\redis\RedisAsyncConnection.java,com.lambdaworks.redis.RedisAsyncConnection,"srem/2[K, V[]]",1.0,1.0,0.5,1.0
C:\Users\syuuj\gitProject\redisson\src\main\java\com\lambdaworks\redis\RedisAsyncConnection.java,com.lambdaworks.redis.RedisAsyncConnection,"string/1[double]",0.0,0.0,-1.0,0.0
C:\Users\syuuj\gitProject\redisson\src\main\java\com\lambdaworks\redis\RedisAsyncConnection.java,com.lambdaworks.redis.RedisAsyncConnection,"strlen/1[K]",1.0,1.0,0.5,1.0
C:\Users\syuuj\gitProject\redisson\src\main\java\com\lambdaworks\redis\RedisAsyncConnection.java,com.lambdaworks.redis.RedisAsyncConnection,"sunion/1[K[]]",1.0,2.0,0.6666667,1.0
C:\Users\syuuj\gitProject\redisson\src\main\java\com\lambdaworks\redis\RedisAsyncConnection.java,com.lambdaworks.redis.RedisAsyncConnection,"sunionstore/2[K, K[]]",1.0,2.0,0.6666667,1.0
C:\Users\syuuj\gitProject\redisson\src\main\java\com\lambdaworks\redis\RedisAsyncConnection.java,com.lambdaworks.redis.RedisAsyncConnection,"sync/0[]",1.0,1.0,0.5,1.0
C:\Users\syuuj\gitProject\redisson\src\main\java\com\lambdaworks\redis\RedisAsyncConnection.java,com.lambdaworks.redis.RedisAsyncConnection,"ttl/1[K]",1.0,1.0,0.5,1.0
C:\Users\syuuj\gitProject\redisson\src\main\java\com\lambdaworks\redis\RedisAsyncConnection.java,com.lambdaworks.redis.RedisAsyncConnection,"type/1[K]",1.0,1.0,0.5,1.0
C:\Users\syuuj\gitProject\redisson\src\main\java\com\lambdaworks\redis\RedisAsyncConnection.java,com.lambdaworks.redis.RedisAsyncConnection,"unwatch/0[]",1.0,1.0,0.5,1.0
C:\Users\syuuj\gitProject\redisson\src\main\java\com\lambdaworks\redis\RedisAsyncConnection.java,com.lambdaworks.redis.RedisAsyncConnection,"watch/1[K[]]",1.0,2.0,0.6666667,1.0
C:\Users\syuuj\gitProject\redisson\src\main\java\com\lambdaworks\redis\RedisAsyncConnection.java,com.lambdaworks.redis.RedisAsyncConnection,"zadd/3[K, double, V]",1.0,2.0,0.6666667,1.0
C:\Users\syuuj\gitProject\redisson\src\main\java\com\lambdaworks\redis\RedisAsyncConnection.java,com.lambdaworks.redis.RedisAsyncConnection,"zadd/2[K, java.lang.Object[]]",2.0,2.0,0.5,2.0
C:\Users\syuuj\gitProject\redisson\src\main\java\com\lambdaworks\redis\RedisAsyncConnection.java,com.lambdaworks.redis.RedisAsyncConnection,"zcard/1[K]",1.0,1.0,0.5,1.0
C:\Users\syuuj\gitProject\redisson\src\main\java\com\lambdaworks\redis\RedisAsyncConnection.java,com.lambdaworks.redis.RedisAsyncConnection,"zcount/3[K, double, double]",0.0,0.0,-1.0,0.0
C:\Users\syuuj\gitProject\redisson\src\main\java\com\lambdaworks\redis\RedisAsyncConnection.java,com.lambdaworks.redis.RedisAsyncConnection,"zcount/3[K, java.lang.String, java.lang.String]",1.0,2.0,0.6666667,1.0
C:\Users\syuuj\gitProject\redisson\src\main\java\com\lambdaworks\redis\RedisAsyncConnection.java,com.lambdaworks.redis.RedisAsyncConnection,"zincrby/3[K, double, K]",1.0,2.0,0.6666667,1.0
C:\Users\syuuj\gitProject\redisson\src\main\java\com\lambdaworks\redis\RedisAsyncConnection.java,com.lambdaworks.redis.RedisAsyncConnection,"zinterstore/3[K, com.lambdaworks.redis.ZStoreArgs, K[]]",2.0,2.0,0.5,2.0
C:\Users\syuuj\gitProject\redisson\src\main\java\com\lambdaworks\redis\RedisAsyncConnection.java,com.lambdaworks.redis.RedisAsyncConnection,"zinterstore/2[K, K[]]",0.0,0.0,-1.0,0.0
C:\Users\syuuj\gitProject\redisson\src\main\java\com\lambdaworks\redis\RedisAsyncConnection.java,com.lambdaworks.redis.RedisAsyncConnection,"zrange/3[K, long, long]",1.0,2.0,0.6666667,1.0
C:\Users\syuuj\gitProject\redisson\src\main\java\com\lambdaworks\redis\RedisAsyncConnection.java,com.lambdaworks.redis.RedisAsyncConnection,"zrangeWithScores/3[K, long, long]",2.0,2.0,0.5,2.0
C:\Users\syuuj\gitProject\redisson\src\main\java\com\lambdaworks\redis\RedisAsyncConnection.java,com.lambdaworks.redis.RedisAsyncConnection,"zrangebyscore/3[K, double, double]",0.0,0.0,-1.0,0.0
C:\Users\syuuj\gitProject\redisson\src\main\java\com\lambdaworks\redis\RedisAsyncConnection.java,com.lambdaworks.redis.RedisAsyncConnection,"zrangebyscore/5[K, double, double, long, long]",0.0,0.0,-1.0,0.0
C:\Users\syuuj\gitProject\redisson\src\main\java\com\lambdaworks\redis\RedisAsyncConnection.java,com.lambdaworks.redis.RedisAsyncConnection,"zrangebyscore/3[K, java.lang.String, java.lang.String]",1.0,2.0,0.6666667,1.0
C:\Users\syuuj\gitProject\redisson\src\main\java\com\lambdaworks\redis\RedisAsyncConnection.java,com.lambdaworks.redis.RedisAsyncConnection,"zrangebyscore/5[K, java.lang.String, java.lang.String, long, long]",2.0,2.0,0.5,2.0
C:\Users\syuuj\gitProject\redisson\src\main\java\com\lambdaworks\redis\RedisAsyncConnection.java,com.lambdaworks.redis.RedisAsyncConnection,"zrangebyscoreWithScores/3[K, double, double]",0.0,0.0,-1.0,0.0
C:\Users\syuuj\gitProject\redisson\src\main\java\com\lambdaworks\redis\RedisAsyncConnection.java,com.lambdaworks.redis.RedisAsyncConnection,"zrangebyscoreWithScores/5[K, double, double, long, long]",0.0,0.0,-1.0,0.0
C:\Users\syuuj\gitProject\redisson\src\main\java\com\lambdaworks\redis\RedisAsyncConnection.java,com.lambdaworks.redis.RedisAsyncConnection,"zrangebyscoreWithScores/3[K, java.lang.String, java.lang.String]",2.0,2.0,0.5,2.0
C:\Users\syuuj\gitProject\redisson\src\main\java\com\lambdaworks\redis\RedisAsyncConnection.java,com.lambdaworks.redis.RedisAsyncConnection,"zrangebyscoreWithScores/5[K, java.lang.String, java.lang.String, long, long]",3.0,2.0,0.4,2.0
C:\Users\syuuj\gitProject\redisson\src\main\java\com\lambdaworks\redis\RedisAsyncConnection.java,com.lambdaworks.redis.RedisAsyncConnection,"zrank/2[K, V]",1.0,1.0,0.5,1.0
C:\Users\syuuj\gitProject\redisson\src\main\java\com\lambdaworks\redis\RedisAsyncConnection.java,com.lambdaworks.redis.RedisAsyncConnection,"zrem/2[K, V[]]",1.0,1.0,0.5,1.0
C:\Users\syuuj\gitProject\redisson\src\main\java\com\lambdaworks\redis\RedisAsyncConnection.java,com.lambdaworks.redis.RedisAsyncConnection,"zremrangebyrank/3[K, long, long]",1.0,2.0,0.6666667,1.0
C:\Users\syuuj\gitProject\redisson\src\main\java\com\lambdaworks\redis\RedisAsyncConnection.java,com.lambdaworks.redis.RedisAsyncConnection,"zremrangebyscore/3[K, double, double]",0.0,0.0,-1.0,0.0
C:\Users\syuuj\gitProject\redisson\src\main\java\com\lambdaworks\redis\RedisAsyncConnection.java,com.lambdaworks.redis.RedisAsyncConnection,"zremrangebyscore/3[K, java.lang.String, java.lang.String]",1.0,2.0,0.6666667,1.0
C:\Users\syuuj\gitProject\redisson\src\main\java\com\lambdaworks\redis\RedisAsyncConnection.java,com.lambdaworks.redis.RedisAsyncConnection,"zrevrange/3[K, long, long]",1.0,2.0,0.6666667,1.0
C:\Users\syuuj\gitProject\redisson\src\main\java\com\lambdaworks\redis\RedisAsyncConnection.java,com.lambdaworks.redis.RedisAsyncConnection,"zrevrangeWithScores/3[K, long, long]",2.0,2.0,0.5,2.0
C:\Users\syuuj\gitProject\redisson\src\main\java\com\lambdaworks\redis\RedisAsyncConnection.java,com.lambdaworks.redis.RedisAsyncConnection,"zrevrangebyscore/3[K, double, double]",0.0,0.0,-1.0,0.0
C:\Users\syuuj\gitProject\redisson\src\main\java\com\lambdaworks\redis\RedisAsyncConnection.java,com.lambdaworks.redis.RedisAsyncConnection,"zrevrangebyscore/5[K, double, double, long, long]",0.0,0.0,-1.0,0.0
C:\Users\syuuj\gitProject\redisson\src\main\java\com\lambdaworks\redis\RedisAsyncConnection.java,com.lambdaworks.redis.RedisAsyncConnection,"zrevrangebyscore/3[K, java.lang.String, java.lang.String]",1.0,2.0,0.6666667,1.0
C:\Users\syuuj\gitProject\redisson\src\main\java\com\lambdaworks\redis\RedisAsyncConnection.java,com.lambdaworks.redis.RedisAsyncConnection,"zrevrangebyscore/5[K, java.lang.String, java.lang.String, long, long]",2.0,2.0,0.5,2.0
C:\Users\syuuj\gitProject\redisson\src\main\java\com\lambdaworks\redis\RedisAsyncConnection.java,com.lambdaworks.redis.RedisAsyncConnection,"zrevrangebyscoreWithScores/3[K, double, double]",0.0,0.0,-1.0,0.0
C:\Users\syuuj\gitProject\redisson\src\main\java\com\lambdaworks\redis\RedisAsyncConnection.java,com.lambdaworks.redis.RedisAsyncConnection,"zrevrangebyscoreWithScores/5[K, double, double, long, long]",0.0,0.0,-1.0,0.0
C:\Users\syuuj\gitProject\redisson\src\main\java\com\lambdaworks\redis\RedisAsyncConnection.java,com.lambdaworks.redis.RedisAsyncConnection,"zrevrangebyscoreWithScores/3[K, java.lang.String, java.lang.String]",2.0,2.0,0.5,2.0
C:\Users\syuuj\gitProject\redisson\src\main\java\com\lambdaworks\redis\RedisAsyncConnection.java,com.lambdaworks.redis.RedisAsyncConnection,"zrevrangebyscoreWithScores/5[K, java.lang.String, java.lang.String, long, long]",3.0,2.0,0.4,2.0
C:\Users\syuuj\gitProject\redisson\src\main\java\com\lambdaworks\redis\RedisAsyncConnection.java,com.lambdaworks.redis.RedisAsyncConnection,"zrevrank/2[K, V]",1.0,1.0,0.5,1.0
C:\Users\syuuj\gitProject\redisson\src\main\java\com\lambdaworks\redis\RedisAsyncConnection.java,com.lambdaworks.redis.RedisAsyncConnection,"zscore/2[K, V]",1.0,1.0,0.5,1.0
C:\Users\syuuj\gitProject\redisson\src\main\java\com\lambdaworks\redis\RedisAsyncConnection.java,com.lambdaworks.redis.RedisAsyncConnection,"zunionstore/3[K, com.lambdaworks.redis.ZStoreArgs, K[]]",2.0,2.0,0.5,2.0
C:\Users\syuuj\gitProject\redisson\src\main\java\com\lambdaworks\redis\RedisAsyncConnection.java,com.lambdaworks.redis.RedisAsyncConnection,"zunionstore/2[K, K[]]",0.0,0.0,-1.0,0.0
C:\Users\syuuj\gitProject\redisson\src\main\java\com\lambdaworks\redis\codec\Utf8StringCodec.java,com.lambdaworks.redis.codec.Utf8StringCodec,"decode/1[java.nio.ByteBuffer]",2.0,3.0,0.6,1.0
C:\Users\syuuj\gitProject\redisson\src\main\java\com\lambdaworks\redis\codec\Utf8StringCodec.java,com.lambdaworks.redis.codec.Utf8StringCodec,"decodeKey/1[java.nio.ByteBuffer]",0.0,0.0,-1.0,0.0
C:\Users\syuuj\gitProject\redisson\src\main\java\com\lambdaworks\redis\codec\Utf8StringCodec.java,com.lambdaworks.redis.codec.Utf8StringCodec,"decodeValue/1[java.nio.ByteBuffer]",0.0,0.0,-1.0,0.0
C:\Users\syuuj\gitProject\redisson\src\main\java\com\lambdaworks\redis\codec\Utf8StringCodec.java,com.lambdaworks.redis.codec.Utf8StringCodec,"encode/1[java.lang.String]",1.0,1.0,0.5,1.0
C:\Users\syuuj\gitProject\redisson\src\main\java\com\lambdaworks\redis\codec\Utf8StringCodec.java,com.lambdaworks.redis.codec.Utf8StringCodec,"encodeKey/1[java.lang.String]",0.0,0.0,-1.0,0.0
C:\Users\syuuj\gitProject\redisson\src\main\java\com\lambdaworks\redis\codec\Utf8StringCodec.java,com.lambdaworks.redis.codec.Utf8StringCodec,"encodeValue/1[java.lang.String]",0.0,0.0,-1.0,0.0
C:\Users\syuuj\gitProject\redisson\src\main\java\com\lambdaworks\redis\output\BooleanListOutput.java,com.lambdaworks.redis.output.BooleanListOutput,"set/1[long]",2.0,0.0,0.0,1.0
C:\Users\syuuj\gitProject\redisson\src\main\java\com\lambdaworks\redis\output\BooleanOutput.java,com.lambdaworks.redis.output.BooleanOutput,"set/1[java.nio.ByteBuffer]",2.0,1.0,0.33333334,1.0
C:\Users\syuuj\gitProject\redisson\src\main\java\com\lambdaworks\redis\output\BooleanOutput.java,com.lambdaworks.redis.output.BooleanOutput,"set/1[long]",2.0,1.0,0.33333334,1.0
C:\Users\syuuj\gitProject\redisson\src\main\java\com\lambdaworks\redis\output\KeyValueOutput.java,com.lambdaworks.redis.output.KeyValueOutput,"set/1[java.nio.ByteBuffer]",0.0,4.0,1.0,0.0
C:\Users\syuuj\gitProject\redisson\src\main\java\com\lambdaworks\redis\pubsub\PubSubOutput.java,com.lambdaworks.redis.pubsub.PubSubOutput,"channel/0[]",0.0,1.0,1.0,0.0
C:\Users\syuuj\gitProject\redisson\src\main\java\com\lambdaworks\redis\pubsub\PubSubOutput.java,com.lambdaworks.redis.pubsub.PubSubOutput,"count/0[]",0.0,1.0,1.0,0.0
C:\Users\syuuj\gitProject\redisson\src\main\java\com\lambdaworks\redis\pubsub\PubSubOutput.java,com.lambdaworks.redis.pubsub.PubSubOutput,"pattern/0[]",0.0,1.0,1.0,0.0
C:\Users\syuuj\gitProject\redisson\src\main\java\com\lambdaworks\redis\pubsub\PubSubOutput.java,com.lambdaworks.redis.pubsub.PubSubOutput,"set/1[java.nio.ByteBuffer]",6.0,10.0,0.625,1.0
C:\Users\syuuj\gitProject\redisson\src\main\java\com\lambdaworks\redis\pubsub\PubSubOutput.java,com.lambdaworks.redis.pubsub.PubSubOutput,"set/1[long]",0.0,1.0,1.0,0.0
C:\Users\syuuj\gitProject\redisson\src\main\java\com\lambdaworks\redis\pubsub\PubSubOutput.java,com.lambdaworks.redis.pubsub.PubSubOutput,"type/0[]",0.0,1.0,1.0,0.0
C:\Users\syuuj\gitProject\redisson\src\main\java\com\lambdaworks\redis\output\ScoredValueListOutput.java,com.lambdaworks.redis.output.ScoredValueListOutput,"set/1[java.nio.ByteBuffer]",0.0,4.0,1.0,0.0
C:\Users\syuuj\gitProject\redisson\src\main\java\com\lambdaworks\redis\pubsub\RedisPubSubAdapter.java,com.lambdaworks.redis.pubsub.RedisPubSubAdapter,"message/2[K, V]",0.0,0.0,-1.0,0.0
C:\Users\syuuj\gitProject\redisson\src\main\java\com\lambdaworks\redis\pubsub\RedisPubSubAdapter.java,com.lambdaworks.redis.pubsub.RedisPubSubAdapter,"message/3[K, K, V]",0.0,0.0,-1.0,0.0
C:\Users\syuuj\gitProject\redisson\src\main\java\com\lambdaworks\redis\pubsub\RedisPubSubAdapter.java,com.lambdaworks.redis.pubsub.RedisPubSubAdapter,"psubscribed/2[K, long]",0.0,0.0,-1.0,0.0
C:\Users\syuuj\gitProject\redisson\src\main\java\com\lambdaworks\redis\pubsub\RedisPubSubAdapter.java,com.lambdaworks.redis.pubsub.RedisPubSubAdapter,"punsubscribed/2[K, long]",0.0,0.0,-1.0,0.0
C:\Users\syuuj\gitProject\redisson\src\main\java\com\lambdaworks\redis\pubsub\RedisPubSubAdapter.java,com.lambdaworks.redis.pubsub.RedisPubSubAdapter,"subscribed/2[K, long]",0.0,0.0,-1.0,0.0
C:\Users\syuuj\gitProject\redisson\src\main\java\com\lambdaworks\redis\pubsub\RedisPubSubAdapter.java,com.lambdaworks.redis.pubsub.RedisPubSubAdapter,"unsubscribed/2[K, long]",0.0,0.0,-1.0,0.0
C:\Users\syuuj\gitProject\redisson\src\main\java\com\lambdaworks\redis\output\StatusOutput.java,com.lambdaworks.redis.output.StatusOutput,"set/1[java.nio.ByteBuffer]",0.0,1.0,1.0,0.0
C:\Users\syuuj\gitProject\redisson\src\main\java\com\lambdaworks\redis\RedisClient.java,com.lambdaworks.redis.RedisClient$1,"initChannel/1[Channel]",0.0,0.0,-1.0,0.0
C:\Users\syuuj\gitProject\redisson\src\main\java\com\lambdaworks\redis\output\IntegerOutput.java,com.lambdaworks.redis.output.IntegerOutput,"set/1[java.nio.ByteBuffer]",0.0,1.0,1.0,0.0
C:\Users\syuuj\gitProject\redisson\src\main\java\com\lambdaworks\redis\output\IntegerOutput.java,com.lambdaworks.redis.output.IntegerOutput,"set/1[long]",0.0,1.0,1.0,0.0
C:\Users\syuuj\gitProject\redisson\src\main\java\com\lambdaworks\redis\protocol\Charsets.java,com.lambdaworks.redis.protocol.Charsets,"buffer/1[java.lang.String]",1.0,1.0,0.5,1.0
C:\Users\syuuj\gitProject\redisson\src\main\java\com\lambdaworks\redis\output\ValueOutput.java,com.lambdaworks.redis.output.ValueOutput,"set/1[java.nio.ByteBuffer]",0.0,1.0,1.0,0.0
C:\Users\syuuj\gitProject\redisson\src\main\java\com\lambdaworks\redis\output\MapOutput.java,com.lambdaworks.redis.output.MapOutput,"set/1[java.nio.ByteBuffer]",0.0,4.0,1.0,0.0
C:\Users\syuuj\gitProject\redisson\src\main\java\com\lambdaworks\redis\output\DoubleOutput.java,com.lambdaworks.redis.output.DoubleOutput,"set/1[java.nio.ByteBuffer]",0.0,1.0,1.0,0.0
C:\Users\syuuj\gitProject\redisson\src\main\java\com\lambdaworks\redis\protocol\Command.java,com.lambdaworks.redis.protocol.Command,"await/2[long, java.util.concurrent.TimeUnit]",0.0,0.0,-1.0,0.0
C:\Users\syuuj\gitProject\redisson\src\main\java\com\lambdaworks\redis\protocol\Command.java,com.lambdaworks.redis.protocol.Command,"cancel/1[boolean]",1.0,1.0,0.5,1.0
C:\Users\syuuj\gitProject\redisson\src\main\java\com\lambdaworks\redis\protocol\Command.java,com.lambdaworks.redis.protocol.Command,"complete/0[]",0.0,0.0,-1.0,0.0
C:\Users\syuuj\gitProject\redisson\src\main\java\com\lambdaworks\redis\protocol\Command.java,com.lambdaworks.redis.protocol.Command,"encode/1[io.netty.buffer.ByteBuf]",2.0,5.0,0.71428573,2.0
C:\Users\syuuj\gitProject\redisson\src\main\java\com\lambdaworks\redis\protocol\Command.java,com.lambdaworks.redis.protocol.Command,"get/0[]",1.0,0.0,0.0,1.0
C:\Users\syuuj\gitProject\redisson\src\main\java\com\lambdaworks\redis\protocol\Command.java,com.lambdaworks.redis.protocol.Command,"get/2[long, java.util.concurrent.TimeUnit]",1.0,0.0,0.0,1.0
C:\Users\syuuj\gitProject\redisson\src\main\java\com\lambdaworks\redis\protocol\Command.java,com.lambdaworks.redis.protocol.Command,"getOutput/0[]",0.0,1.0,1.0,0.0
C:\Users\syuuj\gitProject\redisson\src\main\java\com\lambdaworks\redis\protocol\Command.java,com.lambdaworks.redis.protocol.Command,"isCancelled/0[]",1.0,1.0,0.5,1.0
C:\Users\syuuj\gitProject\redisson\src\main\java\com\lambdaworks\redis\protocol\Command.java,com.lambdaworks.redis.protocol.Command,"isDone/0[]",1.0,0.0,0.0,1.0
C:\Users\syuuj\gitProject\redisson\src\main\java\com\lambdaworks\redis\protocol\Command.java,com.lambdaworks.redis.protocol.Command,"writeInt/2[io.netty.buffer.ByteBuf, int]",0.0,0.0,-1.0,0.0
C:\Users\syuuj\gitProject\redisson\src\main\java\com\lambdaworks\redis\ZStoreArgs.java,com.lambdaworks.redis.ZStoreArgs,"build/1[com.lambdaworks.redis.protocol.CommandArgs]",8.0,4.0,0.33333334,2.0
C:\Users\syuuj\gitProject\redisson\src\main\java\com\lambdaworks\redis\ZStoreArgs.java,com.lambdaworks.redis.ZStoreArgs,"max/0[]",1.0,1.0,0.5,1.0
C:\Users\syuuj\gitProject\redisson\src\main\java\com\lambdaworks\redis\ZStoreArgs.java,com.lambdaworks.redis.ZStoreArgs,"min/0[]",1.0,1.0,0.5,1.0
C:\Users\syuuj\gitProject\redisson\src\main\java\com\lambdaworks\redis\ZStoreArgs.java,com.lambdaworks.redis.ZStoreArgs,"sum/0[]",1.0,1.0,0.5,1.0
C:\Users\syuuj\gitProject\redisson\src\main\java\com\lambdaworks\redis\ZStoreArgs.java,com.lambdaworks.redis.ZStoreArgs,"weights/1[long[]]",1.0,1.0,0.5,1.0
C:\Users\syuuj\gitProject\redisson\src\main\java\com\lambdaworks\redis\KeyValue.java,com.lambdaworks.redis.KeyValue,"equals/1[java.lang.Object]",2.0,0.0,0.0,1.0
C:\Users\syuuj\gitProject\redisson\src\main\java\com\lambdaworks\redis\KeyValue.java,com.lambdaworks.redis.KeyValue,"hashCode/0[]",0.0,0.0,-1.0,0.0
C:\Users\syuuj\gitProject\redisson\src\main\java\com\lambdaworks\redis\KeyValue.java,com.lambdaworks.redis.KeyValue,"toString/0[]",0.0,2.0,1.0,0.0
C:\Users\syuuj\gitProject\redisson\src\main\java\com\lambdaworks\redis\SortArgs.java,com.lambdaworks.redis.SortArgs$Builder,"alpha/0[]",0.0,0.0,-1.0,0.0
C:\Users\syuuj\gitProject\redisson\src\main\java\com\lambdaworks\redis\SortArgs.java,com.lambdaworks.redis.SortArgs$Builder,"asc/0[]",0.0,0.0,-1.0,0.0
C:\Users\syuuj\gitProject\redisson\src\main\java\com\lambdaworks\redis\SortArgs.java,com.lambdaworks.redis.SortArgs$Builder,"by/1[java.lang.String]",0.0,0.0,-1.0,0.0
C:\Users\syuuj\gitProject\redisson\src\main\java\com\lambdaworks\redis\SortArgs.java,com.lambdaworks.redis.SortArgs$Builder,"desc/0[]",0.0,0.0,-1.0,0.0
C:\Users\syuuj\gitProject\redisson\src\main\java\com\lambdaworks\redis\SortArgs.java,com.lambdaworks.redis.SortArgs$Builder,"get/1[java.lang.String]",1.0,0.0,0.0,1.0
C:\Users\syuuj\gitProject\redisson\src\main\java\com\lambdaworks\redis\SortArgs.java,com.lambdaworks.redis.SortArgs$Builder,"limit/2[long, long]",0.0,0.0,-1.0,0.0
C:\Users\syuuj\gitProject\redisson\src\main\java\com\lambdaworks\redis\protocol\ConnectionWatchdog.java,com.lambdaworks.redis.protocol.ConnectionWatchdog,"channelActive/1[ChannelHandlerContext]",0.0,3.0,1.0,0.0
C:\Users\syuuj\gitProject\redisson\src\main\java\com\lambdaworks\redis\protocol\ConnectionWatchdog.java,com.lambdaworks.redis.protocol.ConnectionWatchdog,"channelInactive/1[ChannelHandlerContext]",1.0,4.0,0.8,1.0
C:\Users\syuuj\gitProject\redisson\src\main\java\com\lambdaworks\redis\protocol\ConnectionWatchdog.java,com.lambdaworks.redis.protocol.ConnectionWatchdog,"exceptionCaught/2[ChannelHandlerContext, java.lang.Throwable]",0.0,0.0,-1.0,0.0
C:\Users\syuuj\gitProject\redisson\src\main\java\com\lambdaworks\redis\protocol\ConnectionWatchdog.java,com.lambdaworks.redis.protocol.ConnectionWatchdog,"run/1[io.netty.util.Timeout]",0.0,0.0,-1.0,0.0
C:\Users\syuuj\gitProject\redisson\src\main\java\com\lambdaworks\redis\protocol\ConnectionWatchdog.java,com.lambdaworks.redis.protocol.ConnectionWatchdog,"setReconnect/1[boolean]",0.0,1.0,1.0,0.0
C:\Users\syuuj\gitProject\redisson\src\main\java\com\lambdaworks\redis\output\ValueSetOutput.java,com.lambdaworks.redis.output.ValueSetOutput,"set/1[java.nio.ByteBuffer]",0.0,0.0,-1.0,0.0
C:\Users\syuuj\gitProject\redisson\src\main\java\com\lambdaworks\redis\output\KeyOutput.java,com.lambdaworks.redis.output.KeyOutput,"set/1[java.nio.ByteBuffer]",0.0,1.0,1.0,0.0
C:\Users\syuuj\gitProject\redisson\src\main\java\com\lambdaworks\codec\Base16.java,com.lambdaworks.codec.Base16,"decode/1[char[]]",2.0,2.0,0.5,2.0
C:\Users\syuuj\gitProject\redisson\src\main\java\com\lambdaworks\codec\Base16.java,com.lambdaworks.codec.Base16,"encode/2[byte[], boolean]",2.0,2.0,0.5,1.0
C:\Users\syuuj\gitProject\redisson\src\main\java\com\lambdaworks\redis\protocol\CommandHandler.java,com.lambdaworks.redis.protocol.CommandHandler,"channelRead/2[ChannelHandlerContext, java.lang.Object]",0.0,1.0,1.0,0.0
C:\Users\syuuj\gitProject\redisson\src\main\java\com\lambdaworks\redis\protocol\CommandHandler.java,com.lambdaworks.redis.protocol.CommandHandler,"channelRegistered/1[ChannelHandlerContext]",0.0,2.0,1.0,0.0
C:\Users\syuuj\gitProject\redisson\src\main\java\com\lambdaworks\redis\protocol\CommandHandler.java,com.lambdaworks.redis.protocol.CommandHandler,"channelUnregistered/1[ChannelHandlerContext]",0.0,0.0,-1.0,0.0
C:\Users\syuuj\gitProject\redisson\src\main\java\com\lambdaworks\redis\protocol\CommandHandler.java,com.lambdaworks.redis.protocol.CommandHandler,"decode/2[ChannelHandlerContext, io.netty.buffer.ByteBuf]",1.0,0.0,0.0,1.0
C:\Users\syuuj\gitProject\redisson\src\main\java\com\lambdaworks\redis\protocol\CommandHandler.java,com.lambdaworks.redis.protocol.CommandHandler,"write/3[ChannelHandlerContext, java.lang.Object, ChannelPromise]",0.0,0.0,-1.0,0.0
C:\Users\syuuj\gitProject\redisson\src\main\java\com\lambdaworks\redis\SortArgs.java,com.lambdaworks.redis.SortArgs,"alpha/0[]",0.0,1.0,1.0,0.0
C:\Users\syuuj\gitProject\redisson\src\main\java\com\lambdaworks\redis\SortArgs.java,com.lambdaworks.redis.SortArgs,"asc/0[]",1.0,1.0,0.5,1.0
C:\Users\syuuj\gitProject\redisson\src\main\java\com\lambdaworks\redis\SortArgs.java,com.lambdaworks.redis.SortArgs,"build/2[com.lambdaworks.redis.protocol.CommandArgs, K]",5.0,10.0,0.6666667,2.0
C:\Users\syuuj\gitProject\redisson\src\main\java\com\lambdaworks\redis\SortArgs.java,com.lambdaworks.redis.SortArgs,"by/1[java.lang.String]",0.0,1.0,1.0,0.0
C:\Users\syuuj\gitProject\redisson\src\main\java\com\lambdaworks\redis\SortArgs.java,com.lambdaworks.redis.SortArgs,"desc/0[]",1.0,1.0,0.5,1.0
C:\Users\syuuj\gitProject\redisson\src\main\java\com\lambdaworks\redis\SortArgs.java,com.lambdaworks.redis.SortArgs,"get/1[java.lang.String]",0.0,2.0,1.0,0.0
C:\Users\syuuj\gitProject\redisson\src\main\java\com\lambdaworks\redis\SortArgs.java,com.lambdaworks.redis.SortArgs,"limit/2[long, long]",0.0,2.0,1.0,0.0
C:\Users\syuuj\gitProject\redisson\src\main\java\com\lambdaworks\redis\output\KeyListOutput.java,com.lambdaworks.redis.output.KeyListOutput,"set/1[java.nio.ByteBuffer]",0.0,0.0,-1.0,0.0
C:\Users\syuuj\gitProject\redisson\src\main\java\com\lambdaworks\redis\output\ByteArrayOutput.java,com.lambdaworks.redis.output.ByteArrayOutput,"set/1[java.nio.ByteBuffer]",1.0,2.0,0.6666667,1.0
C:\Users\syuuj\gitProject\redisson\src\main\java\com\lambdaworks\redis\RedisConnection.java,com.lambdaworks.redis.RedisConnection,"append/2[K, V]",0.0,0.0,-1.0,0.0
C:\Users\syuuj\gitProject\redisson\src\main\java\com\lambdaworks\redis\RedisConnection.java,com.lambdaworks.redis.RedisConnection,"auth/1[java.lang.String]",0.0,0.0,-1.0,0.0
C:\Users\syuuj\gitProject\redisson\src\main\java\com\lambdaworks\redis\RedisConnection.java,com.lambdaworks.redis.RedisConnection,"await/1[java.util.concurrent.Future]",3.0,2.0,0.4,3.0
C:\Users\syuuj\gitProject\redisson\src\main\java\com\lambdaworks\redis\RedisConnection.java,com.lambdaworks.redis.RedisConnection,"await/3[java.util.concurrent.Future, long, java.util.concurrent.TimeUnit]",0.0,0.0,-1.0,0.0
C:\Users\syuuj\gitProject\redisson\src\main\java\com\lambdaworks\redis\RedisConnection.java,com.lambdaworks.redis.RedisConnection,"bgrewriteaof/0[]",0.0,0.0,-1.0,0.0
C:\Users\syuuj\gitProject\redisson\src\main\java\com\lambdaworks\redis\RedisConnection.java,com.lambdaworks.redis.RedisConnection,"bgsave/0[]",0.0,0.0,-1.0,0.0
C:\Users\syuuj\gitProject\redisson\src\main\java\com\lambdaworks\redis\RedisConnection.java,com.lambdaworks.redis.RedisConnection,"bitcount/1[K]",0.0,0.0,-1.0,0.0
C:\Users\syuuj\gitProject\redisson\src\main\java\com\lambdaworks\redis\RedisConnection.java,com.lambdaworks.redis.RedisConnection,"bitcount/3[K, long, long]",0.0,0.0,-1.0,0.0
C:\Users\syuuj\gitProject\redisson\src\main\java\com\lambdaworks\redis\RedisConnection.java,com.lambdaworks.redis.RedisConnection,"bitopAnd/2[K, K[]]",0.0,0.0,-1.0,0.0
C:\Users\syuuj\gitProject\redisson\src\main\java\com\lambdaworks\redis\RedisConnection.java,com.lambdaworks.redis.RedisConnection,"bitopNot/2[K, K]",0.0,0.0,-1.0,0.0
C:\Users\syuuj\gitProject\redisson\src\main\java\com\lambdaworks\redis\RedisConnection.java,com.lambdaworks.redis.RedisConnection,"bitopOr/2[K, K[]]",0.0,0.0,-1.0,0.0
C:\Users\syuuj\gitProject\redisson\src\main\java\com\lambdaworks\redis\RedisConnection.java,com.lambdaworks.redis.RedisConnection,"bitopXor/2[K, K[]]",0.0,0.0,-1.0,0.0
C:\Users\syuuj\gitProject\redisson\src\main\java\com\lambdaworks\redis\RedisConnection.java,com.lambdaworks.redis.RedisConnection,"blpop/2[long, K[]]",2.0,1.0,0.33333334,2.0
C:\Users\syuuj\gitProject\redisson\src\main\java\com\lambdaworks\redis\RedisConnection.java,com.lambdaworks.redis.RedisConnection,"brpop/2[long, K[]]",2.0,1.0,0.33333334,2.0
C:\Users\syuuj\gitProject\redisson\src\main\java\com\lambdaworks\redis\RedisConnection.java,com.lambdaworks.redis.RedisConnection,"brpoplpush/3[long, K, K]",2.0,1.0,0.33333334,2.0
C:\Users\syuuj\gitProject\redisson\src\main\java\com\lambdaworks\redis\RedisConnection.java,com.lambdaworks.redis.RedisConnection,"clientGetname/0[]",0.0,0.0,-1.0,0.0
C:\Users\syuuj\gitProject\redisson\src\main\java\com\lambdaworks\redis\RedisConnection.java,com.lambdaworks.redis.RedisConnection,"clientKill/1[java.lang.String]",0.0,0.0,-1.0,0.0
C:\Users\syuuj\gitProject\redisson\src\main\java\com\lambdaworks\redis\RedisConnection.java,com.lambdaworks.redis.RedisConnection,"clientList/0[]",0.0,0.0,-1.0,0.0
C:\Users\syuuj\gitProject\redisson\src\main\java\com\lambdaworks\redis\RedisConnection.java,com.lambdaworks.redis.RedisConnection,"clientSetname/1[K]",0.0,0.0,-1.0,0.0
C:\Users\syuuj\gitProject\redisson\src\main\java\com\lambdaworks\redis\RedisConnection.java,com.lambdaworks.redis.RedisConnection,"close/0[]",0.0,0.0,-1.0,0.0
C:\Users\syuuj\gitProject\redisson\src\main\java\com\lambdaworks\redis\RedisConnection.java,com.lambdaworks.redis.RedisConnection,"configGet/1[java.lang.String]",0.0,0.0,-1.0,0.0
C:\Users\syuuj\gitProject\redisson\src\main\java\com\lambdaworks\redis\RedisConnection.java,com.lambdaworks.redis.RedisConnection,"configResetstat/0[]",0.0,0.0,-1.0,0.0
C:\Users\syuuj\gitProject\redisson\src\main\java\com\lambdaworks\redis\RedisConnection.java,com.lambdaworks.redis.RedisConnection,"configSet/2[java.lang.String, java.lang.String]",0.0,0.0,-1.0,0.0
C:\Users\syuuj\gitProject\redisson\src\main\java\com\lambdaworks\redis\RedisConnection.java,com.lambdaworks.redis.RedisConnection,"dbsize/0[]",0.0,0.0,-1.0,0.0
C:\Users\syuuj\gitProject\redisson\src\main\java\com\lambdaworks\redis\RedisConnection.java,com.lambdaworks.redis.RedisConnection,"debugObject/1[K]",0.0,0.0,-1.0,0.0
C:\Users\syuuj\gitProject\redisson\src\main\java\com\lambdaworks\redis\RedisConnection.java,com.lambdaworks.redis.RedisConnection,"decr/1[K]",0.0,0.0,-1.0,0.0
C:\Users\syuuj\gitProject\redisson\src\main\java\com\lambdaworks\redis\RedisConnection.java,com.lambdaworks.redis.RedisConnection,"decrby/2[K, long]",0.0,0.0,-1.0,0.0
C:\Users\syuuj\gitProject\redisson\src\main\java\com\lambdaworks\redis\RedisConnection.java,com.lambdaworks.redis.RedisConnection,"del/1[K[]]",0.0,0.0,-1.0,0.0
C:\Users\syuuj\gitProject\redisson\src\main\java\com\lambdaworks\redis\RedisConnection.java,com.lambdaworks.redis.RedisConnection,"digest/1[V]",0.0,0.0,-1.0,0.0
C:\Users\syuuj\gitProject\redisson\src\main\java\com\lambdaworks\redis\RedisConnection.java,com.lambdaworks.redis.RedisConnection,"discard/0[]",0.0,0.0,-1.0,0.0
C:\Users\syuuj\gitProject\redisson\src\main\java\com\lambdaworks\redis\RedisConnection.java,com.lambdaworks.redis.RedisConnection,"dump/1[K]",0.0,0.0,-1.0,0.0
C:\Users\syuuj\gitProject\redisson\src\main\java\com\lambdaworks\redis\RedisConnection.java,com.lambdaworks.redis.RedisConnection,"echo/1[V]",0.0,0.0,-1.0,0.0
C:\Users\syuuj\gitProject\redisson\src\main\java\com\lambdaworks\redis\RedisConnection.java,com.lambdaworks.redis.RedisConnection,"eval/3[V, com.lambdaworks.redis.ScriptOutputType, K[]]",0.0,0.0,-1.0,0.0
C:\Users\syuuj\gitProject\redisson\src\main\java\com\lambdaworks\redis\RedisConnection.java,com.lambdaworks.redis.RedisConnection,"eval/4[V, com.lambdaworks.redis.ScriptOutputType, K[], V[]]",0.0,0.0,-1.0,0.0
C:\Users\syuuj\gitProject\redisson\src\main\java\com\lambdaworks\redis\RedisConnection.java,com.lambdaworks.redis.RedisConnection,"evalsha/3[java.lang.String, com.lambdaworks.redis.ScriptOutputType, K[]]",0.0,0.0,-1.0,0.0
C:\Users\syuuj\gitProject\redisson\src\main\java\com\lambdaworks\redis\RedisConnection.java,com.lambdaworks.redis.RedisConnection,"evalsha/4[java.lang.String, com.lambdaworks.redis.ScriptOutputType, K[], V[]]",0.0,0.0,-1.0,0.0
C:\Users\syuuj\gitProject\redisson\src\main\java\com\lambdaworks\redis\RedisConnection.java,com.lambdaworks.redis.RedisConnection,"exec/0[]",0.0,0.0,-1.0,0.0
C:\Users\syuuj\gitProject\redisson\src\main\java\com\lambdaworks\redis\RedisConnection.java,com.lambdaworks.redis.RedisConnection,"exists/1[K]",0.0,0.0,-1.0,0.0
C:\Users\syuuj\gitProject\redisson\src\main\java\com\lambdaworks\redis\RedisConnection.java,com.lambdaworks.redis.RedisConnection,"expire/2[K, long]",0.0,0.0,-1.0,0.0
C:\Users\syuuj\gitProject\redisson\src\main\java\com\lambdaworks\redis\RedisConnection.java,com.lambdaworks.redis.RedisConnection,"expireat/2[K, java.util.Date]",0.0,0.0,-1.0,0.0
C:\Users\syuuj\gitProject\redisson\src\main\java\com\lambdaworks\redis\RedisConnection.java,com.lambdaworks.redis.RedisConnection,"expireat/2[K, long]",0.0,0.0,-1.0,0.0
C:\Users\syuuj\gitProject\redisson\src\main\java\com\lambdaworks\redis\RedisConnection.java,com.lambdaworks.redis.RedisConnection,"flushall/0[]",0.0,0.0,-1.0,0.0
C:\Users\syuuj\gitProject\redisson\src\main\java\com\lambdaworks\redis\RedisConnection.java,com.lambdaworks.redis.RedisConnection,"flushdb/0[]",0.0,0.0,-1.0,0.0
C:\Users\syuuj\gitProject\redisson\src\main\java\com\lambdaworks\redis\RedisConnection.java,com.lambdaworks.redis.RedisConnection,"get/1[K]",1.0,0.0,0.0,1.0
C:\Users\syuuj\gitProject\redisson\src\main\java\com\lambdaworks\redis\RedisConnection.java,com.lambdaworks.redis.RedisConnection,"getbit/2[K, long]",1.0,0.0,0.0,1.0
C:\Users\syuuj\gitProject\redisson\src\main\java\com\lambdaworks\redis\RedisConnection.java,com.lambdaworks.redis.RedisConnection,"getrange/3[K, long, long]",1.0,0.0,0.0,1.0
C:\Users\syuuj\gitProject\redisson\src\main\java\com\lambdaworks\redis\RedisConnection.java,com.lambdaworks.redis.RedisConnection,"getset/2[K, V]",1.0,0.0,0.0,1.0
C:\Users\syuuj\gitProject\redisson\src\main\java\com\lambdaworks\redis\RedisConnection.java,com.lambdaworks.redis.RedisConnection,"hdel/2[K, K[]]",0.0,0.0,-1.0,0.0
C:\Users\syuuj\gitProject\redisson\src\main\java\com\lambdaworks\redis\RedisConnection.java,com.lambdaworks.redis.RedisConnection,"hexists/2[K, K]",0.0,0.0,-1.0,0.0
C:\Users\syuuj\gitProject\redisson\src\main\java\com\lambdaworks\redis\RedisConnection.java,com.lambdaworks.redis.RedisConnection,"hget/2[K, K]",0.0,0.0,-1.0,0.0
C:\Users\syuuj\gitProject\redisson\src\main\java\com\lambdaworks\redis\RedisConnection.java,com.lambdaworks.redis.RedisConnection,"hgetall/1[K]",0.0,0.0,-1.0,0.0
C:\Users\syuuj\gitProject\redisson\src\main\java\com\lambdaworks\redis\RedisConnection.java,com.lambdaworks.redis.RedisConnection,"hincrby/3[K, K, long]",0.0,0.0,-1.0,0.0
C:\Users\syuuj\gitProject\redisson\src\main\java\com\lambdaworks\redis\RedisConnection.java,com.lambdaworks.redis.RedisConnection,"hincrbyfloat/3[K, K, double]",0.0,0.0,-1.0,0.0
C:\Users\syuuj\gitProject\redisson\src\main\java\com\lambdaworks\redis\RedisConnection.java,com.lambdaworks.redis.RedisConnection,"hkeys/1[K]",0.0,0.0,-1.0,0.0
C:\Users\syuuj\gitProject\redisson\src\main\java\com\lambdaworks\redis\RedisConnection.java,com.lambdaworks.redis.RedisConnection,"hlen/1[K]",0.0,0.0,-1.0,0.0
C:\Users\syuuj\gitProject\redisson\src\main\java\com\lambdaworks\redis\RedisConnection.java,com.lambdaworks.redis.RedisConnection,"hmget/2[K, K[]]",0.0,0.0,-1.0,0.0
C:\Users\syuuj\gitProject\redisson\src\main\java\com\lambdaworks\redis\RedisConnection.java,com.lambdaworks.redis.RedisConnection,"hmset/2[K, java.util.Map]",0.0,0.0,-1.0,0.0
C:\Users\syuuj\gitProject\redisson\src\main\java\com\lambdaworks\redis\RedisConnection.java,com.lambdaworks.redis.RedisConnection,"hset/3[K, K, V]",0.0,0.0,-1.0,0.0
C:\Users\syuuj\gitProject\redisson\src\main\java\com\lambdaworks\redis\RedisConnection.java,com.lambdaworks.redis.RedisConnection,"hsetnx/3[K, K, V]",0.0,0.0,-1.0,0.0
C:\Users\syuuj\gitProject\redisson\src\main\java\com\lambdaworks\redis\RedisConnection.java,com.lambdaworks.redis.RedisConnection,"hvals/1[K]",0.0,0.0,-1.0,0.0
C:\Users\syuuj\gitProject\redisson\src\main\java\com\lambdaworks\redis\RedisConnection.java,com.lambdaworks.redis.RedisConnection,"incr/1[K]",0.0,0.0,-1.0,0.0
C:\Users\syuuj\gitProject\redisson\src\main\java\com\lambdaworks\redis\RedisConnection.java,com.lambdaworks.redis.RedisConnection,"incrby/2[K, long]",0.0,0.0,-1.0,0.0
C:\Users\syuuj\gitProject\redisson\src\main\java\com\lambdaworks\redis\RedisConnection.java,com.lambdaworks.redis.RedisConnection,"incrbyfloat/2[K, double]",0.0,0.0,-1.0,0.0
C:\Users\syuuj\gitProject\redisson\src\main\java\com\lambdaworks\redis\RedisConnection.java,com.lambdaworks.redis.RedisConnection,"info/0[]",0.0,0.0,-1.0,0.0
C:\Users\syuuj\gitProject\redisson\src\main\java\com\lambdaworks\redis\RedisConnection.java,com.lambdaworks.redis.RedisConnection,"info/1[java.lang.String]",0.0,0.0,-1.0,0.0
C:\Users\syuuj\gitProject\redisson\src\main\java\com\lambdaworks\redis\RedisConnection.java,com.lambdaworks.redis.RedisConnection,"keys/1[K]",0.0,0.0,-1.0,0.0
C:\Users\syuuj\gitProject\redisson\src\main\java\com\lambdaworks\redis\RedisConnection.java,com.lambdaworks.redis.RedisConnection,"lastsave/0[]",0.0,0.0,-1.0,0.0
C:\Users\syuuj\gitProject\redisson\src\main\java\com\lambdaworks\redis\RedisConnection.java,com.lambdaworks.redis.RedisConnection,"lindex/2[K, long]",0.0,0.0,-1.0,0.0
C:\Users\syuuj\gitProject\redisson\src\main\java\com\lambdaworks\redis\RedisConnection.java,com.lambdaworks.redis.RedisConnection,"linsert/4[K, boolean, V, V]",0.0,0.0,-1.0,0.0
C:\Users\syuuj\gitProject\redisson\src\main\java\com\lambdaworks\redis\RedisConnection.java,com.lambdaworks.redis.RedisConnection,"llen/1[K]",0.0,0.0,-1.0,0.0
C:\Users\syuuj\gitProject\redisson\src\main\java\com\lambdaworks\redis\RedisConnection.java,com.lambdaworks.redis.RedisConnection,"lpop/1[K]",0.0,0.0,-1.0,0.0
C:\Users\syuuj\gitProject\redisson\src\main\java\com\lambdaworks\redis\RedisConnection.java,com.lambdaworks.redis.RedisConnection,"lpush/2[K, V[]]",0.0,0.0,-1.0,0.0
C:\Users\syuuj\gitProject\redisson\src\main\java\com\lambdaworks\redis\RedisConnection.java,com.lambdaworks.redis.RedisConnection,"lpushx/2[K, V]",0.0,0.0,-1.0,0.0
C:\Users\syuuj\gitProject\redisson\src\main\java\com\lambdaworks\redis\RedisConnection.java,com.lambdaworks.redis.RedisConnection,"lrange/3[K, long, long]",0.0,0.0,-1.0,0.0
C:\Users\syuuj\gitProject\redisson\src\main\java\com\lambdaworks\redis\RedisConnection.java,com.lambdaworks.redis.RedisConnection,"lrem/3[K, long, V]",0.0,0.0,-1.0,0.0
C:\Users\syuuj\gitProject\redisson\src\main\java\com\lambdaworks\redis\RedisConnection.java,com.lambdaworks.redis.RedisConnection,"lset/3[K, long, V]",0.0,0.0,-1.0,0.0
C:\Users\syuuj\gitProject\redisson\src\main\java\com\lambdaworks\redis\RedisConnection.java,com.lambdaworks.redis.RedisConnection,"ltrim/3[K, long, long]",0.0,0.0,-1.0,0.0
C:\Users\syuuj\gitProject\redisson\src\main\java\com\lambdaworks\redis\RedisConnection.java,com.lambdaworks.redis.RedisConnection,"mget/1[K[]]",0.0,0.0,-1.0,0.0
C:\Users\syuuj\gitProject\redisson\src\main\java\com\lambdaworks\redis\RedisConnection.java,com.lambdaworks.redis.RedisConnection,"migrate/5[java.lang.String, int, K, int, long]",0.0,0.0,-1.0,0.0
C:\Users\syuuj\gitProject\redisson\src\main\java\com\lambdaworks\redis\RedisConnection.java,com.lambdaworks.redis.RedisConnection,"move/2[K, int]",0.0,0.0,-1.0,0.0
C:\Users\syuuj\gitProject\redisson\src\main\java\com\lambdaworks\redis\RedisConnection.java,com.lambdaworks.redis.RedisConnection,"mset/1[java.util.Map]",0.0,0.0,-1.0,0.0
C:\Users\syuuj\gitProject\redisson\src\main\java\com\lambdaworks\redis\RedisConnection.java,com.lambdaworks.redis.RedisConnection,"msetnx/1[java.util.Map]",0.0,0.0,-1.0,0.0
C:\Users\syuuj\gitProject\redisson\src\main\java\com\lambdaworks\redis\RedisConnection.java,com.lambdaworks.redis.RedisConnection,"multi/0[]",0.0,0.0,-1.0,0.0
C:\Users\syuuj\gitProject\redisson\src\main\java\com\lambdaworks\redis\RedisConnection.java,com.lambdaworks.redis.RedisConnection,"objectEncoding/1[K]",0.0,0.0,-1.0,0.0
C:\Users\syuuj\gitProject\redisson\src\main\java\com\lambdaworks\redis\RedisConnection.java,com.lambdaworks.redis.RedisConnection,"objectIdletime/1[K]",0.0,0.0,-1.0,0.0
C:\Users\syuuj\gitProject\redisson\src\main\java\com\lambdaworks\redis\RedisConnection.java,com.lambdaworks.redis.RedisConnection,"objectRefcount/1[K]",0.0,0.0,-1.0,0.0
C:\Users\syuuj\gitProject\redisson\src\main\java\com\lambdaworks\redis\RedisConnection.java,com.lambdaworks.redis.RedisConnection,"persist/1[K]",0.0,0.0,-1.0,0.0
C:\Users\syuuj\gitProject\redisson\src\main\java\com\lambdaworks\redis\RedisConnection.java,com.lambdaworks.redis.RedisConnection,"pexpire/2[K, long]",0.0,0.0,-1.0,0.0
C:\Users\syuuj\gitProject\redisson\src\main\java\com\lambdaworks\redis\RedisConnection.java,com.lambdaworks.redis.RedisConnection,"pexpireat/2[K, java.util.Date]",0.0,0.0,-1.0,0.0
C:\Users\syuuj\gitProject\redisson\src\main\java\com\lambdaworks\redis\RedisConnection.java,com.lambdaworks.redis.RedisConnection,"pexpireat/2[K, long]",0.0,0.0,-1.0,0.0
C:\Users\syuuj\gitProject\redisson\src\main\java\com\lambdaworks\redis\RedisConnection.java,com.lambdaworks.redis.RedisConnection,"ping/0[]",0.0,0.0,-1.0,0.0
C:\Users\syuuj\gitProject\redisson\src\main\java\com\lambdaworks\redis\RedisConnection.java,com.lambdaworks.redis.RedisConnection,"pttl/1[K]",0.0,0.0,-1.0,0.0
C:\Users\syuuj\gitProject\redisson\src\main\java\com\lambdaworks\redis\RedisConnection.java,com.lambdaworks.redis.RedisConnection,"publish/2[K, V]",0.0,0.0,-1.0,0.0
C:\Users\syuuj\gitProject\redisson\src\main\java\com\lambdaworks\redis\RedisConnection.java,com.lambdaworks.redis.RedisConnection,"quit/0[]",0.0,0.0,-1.0,0.0
C:\Users\syuuj\gitProject\redisson\src\main\java\com\lambdaworks\redis\RedisConnection.java,com.lambdaworks.redis.RedisConnection,"randomkey/0[]",0.0,0.0,-1.0,0.0
C:\Users\syuuj\gitProject\redisson\src\main\java\com\lambdaworks\redis\RedisConnection.java,com.lambdaworks.redis.RedisConnection,"rename/2[K, K]",0.0,0.0,-1.0,0.0
C:\Users\syuuj\gitProject\redisson\src\main\java\com\lambdaworks\redis\RedisConnection.java,com.lambdaworks.redis.RedisConnection,"renamenx/2[K, K]",0.0,0.0,-1.0,0.0
C:\Users\syuuj\gitProject\redisson\src\main\java\com\lambdaworks\redis\RedisConnection.java,com.lambdaworks.redis.RedisConnection,"restore/3[K, long, byte[]]",0.0,0.0,-1.0,0.0
C:\Users\syuuj\gitProject\redisson\src\main\java\com\lambdaworks\redis\RedisConnection.java,com.lambdaworks.redis.RedisConnection,"rpop/1[K]",0.0,0.0,-1.0,0.0
C:\Users\syuuj\gitProject\redisson\src\main\java\com\lambdaworks\redis\RedisConnection.java,com.lambdaworks.redis.RedisConnection,"rpoplpush/2[K, K]",0.0,0.0,-1.0,0.0
C:\Users\syuuj\gitProject\redisson\src\main\java\com\lambdaworks\redis\RedisConnection.java,com.lambdaworks.redis.RedisConnection,"rpush/2[K, V[]]",0.0,0.0,-1.0,0.0
C:\Users\syuuj\gitProject\redisson\src\main\java\com\lambdaworks\redis\RedisConnection.java,com.lambdaworks.redis.RedisConnection,"rpushx/2[K, V]",0.0,0.0,-1.0,0.0
C:\Users\syuuj\gitProject\redisson\src\main\java\com\lambdaworks\redis\RedisConnection.java,com.lambdaworks.redis.RedisConnection,"sadd/2[K, V[]]",0.0,0.0,-1.0,0.0
C:\Users\syuuj\gitProject\redisson\src\main\java\com\lambdaworks\redis\RedisConnection.java,com.lambdaworks.redis.RedisConnection,"save/0[]",0.0,0.0,-1.0,0.0
C:\Users\syuuj\gitProject\redisson\src\main\java\com\lambdaworks\redis\RedisConnection.java,com.lambdaworks.redis.RedisConnection,"scard/1[K]",0.0,0.0,-1.0,0.0
C:\Users\syuuj\gitProject\redisson\src\main\java\com\lambdaworks\redis\RedisConnection.java,com.lambdaworks.redis.RedisConnection,"scriptExists/1[java.lang.String[]]",0.0,0.0,-1.0,0.0
C:\Users\syuuj\gitProject\redisson\src\main\java\com\lambdaworks\redis\RedisConnection.java,com.lambdaworks.redis.RedisConnection,"scriptFlush/0[]",0.0,0.0,-1.0,0.0
C:\Users\syuuj\gitProject\redisson\src\main\java\com\lambdaworks\redis\RedisConnection.java,com.lambdaworks.redis.RedisConnection,"scriptKill/0[]",0.0,0.0,-1.0,0.0
C:\Users\syuuj\gitProject\redisson\src\main\java\com\lambdaworks\redis\RedisConnection.java,com.lambdaworks.redis.RedisConnection,"scriptLoad/1[V]",0.0,0.0,-1.0,0.0
C:\Users\syuuj\gitProject\redisson\src\main\java\com\lambdaworks\redis\RedisConnection.java,com.lambdaworks.redis.RedisConnection,"sdiff/1[K[]]",0.0,0.0,-1.0,0.0
C:\Users\syuuj\gitProject\redisson\src\main\java\com\lambdaworks\redis\RedisConnection.java,com.lambdaworks.redis.RedisConnection,"sdiffstore/2[K, K[]]",0.0,0.0,-1.0,0.0
C:\Users\syuuj\gitProject\redisson\src\main\java\com\lambdaworks\redis\RedisConnection.java,com.lambdaworks.redis.RedisConnection,"select/1[int]",0.0,0.0,-1.0,0.0
C:\Users\syuuj\gitProject\redisson\src\main\java\com\lambdaworks\redis\RedisConnection.java,com.lambdaworks.redis.RedisConnection,"set/2[K, V]",1.0,0.0,0.0,1.0
C:\Users\syuuj\gitProject\redisson\src\main\java\com\lambdaworks\redis\RedisConnection.java,com.lambdaworks.redis.RedisConnection,"setTimeout/2[long, java.util.concurrent.TimeUnit]",1.0,2.0,0.6666667,1.0
C:\Users\syuuj\gitProject\redisson\src\main\java\com\lambdaworks\redis\RedisConnection.java,com.lambdaworks.redis.RedisConnection,"setbit/3[K, long, int]",1.0,0.0,0.0,1.0
C:\Users\syuuj\gitProject\redisson\src\main\java\com\lambdaworks\redis\RedisConnection.java,com.lambdaworks.redis.RedisConnection,"setex/3[K, long, V]",1.0,0.0,0.0,1.0
C:\Users\syuuj\gitProject\redisson\src\main\java\com\lambdaworks\redis\RedisConnection.java,com.lambdaworks.redis.RedisConnection,"setnx/2[K, V]",1.0,0.0,0.0,1.0
C:\Users\syuuj\gitProject\redisson\src\main\java\com\lambdaworks\redis\RedisConnection.java,com.lambdaworks.redis.RedisConnection,"setrange/3[K, long, V]",1.0,0.0,0.0,1.0
C:\Users\syuuj\gitProject\redisson\src\main\java\com\lambdaworks\redis\RedisConnection.java,com.lambdaworks.redis.RedisConnection,"shutdown/0[]",0.0,0.0,-1.0,0.0
C:\Users\syuuj\gitProject\redisson\src\main\java\com\lambdaworks\redis\RedisConnection.java,com.lambdaworks.redis.RedisConnection,"shutdown/1[boolean]",0.0,0.0,-1.0,0.0
C:\Users\syuuj\gitProject\redisson\src\main\java\com\lambdaworks\redis\RedisConnection.java,com.lambdaworks.redis.RedisConnection,"sinter/1[K[]]",0.0,0.0,-1.0,0.0
C:\Users\syuuj\gitProject\redisson\src\main\java\com\lambdaworks\redis\RedisConnection.java,com.lambdaworks.redis.RedisConnection,"sinterstore/2[K, K[]]",0.0,0.0,-1.0,0.0
C:\Users\syuuj\gitProject\redisson\src\main\java\com\lambdaworks\redis\RedisConnection.java,com.lambdaworks.redis.RedisConnection,"sismember/2[K, V]",0.0,0.0,-1.0,0.0
C:\Users\syuuj\gitProject\redisson\src\main\java\com\lambdaworks\redis\RedisConnection.java,com.lambdaworks.redis.RedisConnection,"slaveof/2[java.lang.String, int]",0.0,0.0,-1.0,0.0
C:\Users\syuuj\gitProject\redisson\src\main\java\com\lambdaworks\redis\RedisConnection.java,com.lambdaworks.redis.RedisConnection,"slaveofNoOne/0[]",0.0,0.0,-1.0,0.0
C:\Users\syuuj\gitProject\redisson\src\main\java\com\lambdaworks\redis\RedisConnection.java,com.lambdaworks.redis.RedisConnection,"slowlogGet/0[]",0.0,0.0,-1.0,0.0
C:\Users\syuuj\gitProject\redisson\src\main\java\com\lambdaworks\redis\RedisConnection.java,com.lambdaworks.redis.RedisConnection,"slowlogGet/1[int]",0.0,0.0,-1.0,0.0
C:\Users\syuuj\gitProject\redisson\src\main\java\com\lambdaworks\redis\RedisConnection.java,com.lambdaworks.redis.RedisConnection,"slowlogLen/0[]",0.0,0.0,-1.0,0.0
C:\Users\syuuj\gitProject\redisson\src\main\java\com\lambdaworks\redis\RedisConnection.java,com.lambdaworks.redis.RedisConnection,"slowlogReset/0[]",0.0,0.0,-1.0,0.0
C:\Users\syuuj\gitProject\redisson\src\main\java\com\lambdaworks\redis\RedisConnection.java,com.lambdaworks.redis.RedisConnection,"smembers/1[K]",0.0,0.0,-1.0,0.0
C:\Users\syuuj\gitProject\redisson\src\main\java\com\lambdaworks\redis\RedisConnection.java,com.lambdaworks.redis.RedisConnection,"smove/3[K, K, V]",0.0,0.0,-1.0,0.0
C:\Users\syuuj\gitProject\redisson\src\main\java\com\lambdaworks\redis\RedisConnection.java,com.lambdaworks.redis.RedisConnection,"sort/1[K]",0.0,0.0,-1.0,0.0
C:\Users\syuuj\gitProject\redisson\src\main\java\com\lambdaworks\redis\RedisConnection.java,com.lambdaworks.redis.RedisConnection,"sort/2[K, com.lambdaworks.redis.SortArgs]",0.0,0.0,-1.0,0.0
C:\Users\syuuj\gitProject\redisson\src\main\java\com\lambdaworks\redis\RedisConnection.java,com.lambdaworks.redis.RedisConnection,"sortStore/3[K, com.lambdaworks.redis.SortArgs, K]",0.0,0.0,-1.0,0.0
C:\Users\syuuj\gitProject\redisson\src\main\java\com\lambdaworks\redis\RedisConnection.java,com.lambdaworks.redis.RedisConnection,"spop/1[K]",0.0,0.0,-1.0,0.0
C:\Users\syuuj\gitProject\redisson\src\main\java\com\lambdaworks\redis\RedisConnection.java,com.lambdaworks.redis.RedisConnection,"srandmember/1[K]",0.0,0.0,-1.0,0.0
C:\Users\syuuj\gitProject\redisson\src\main\java\com\lambdaworks\redis\RedisConnection.java,com.lambdaworks.redis.RedisConnection,"srandmember/2[K, long]",0.0,0.0,-1.0,0.0
C:\Users\syuuj\gitProject\redisson\src\main\java\com\lambdaworks\redis\RedisConnection.java,com.lambdaworks.redis.RedisConnection,"srem/2[K, V[]]",0.0,0.0,-1.0,0.0
C:\Users\syuuj\gitProject\redisson\src\main\java\com\lambdaworks\redis\RedisConnection.java,com.lambdaworks.redis.RedisConnection,"strlen/1[K]",0.0,0.0,-1.0,0.0
C:\Users\syuuj\gitProject\redisson\src\main\java\com\lambdaworks\redis\RedisConnection.java,com.lambdaworks.redis.RedisConnection,"sunion/1[K[]]",0.0,0.0,-1.0,0.0
C:\Users\syuuj\gitProject\redisson\src\main\java\com\lambdaworks\redis\RedisConnection.java,com.lambdaworks.redis.RedisConnection,"sunionstore/2[K, K[]]",0.0,0.0,-1.0,0.0
C:\Users\syuuj\gitProject\redisson\src\main\java\com\lambdaworks\redis\RedisConnection.java,com.lambdaworks.redis.RedisConnection,"sync/0[]",0.0,0.0,-1.0,0.0
C:\Users\syuuj\gitProject\redisson\src\main\java\com\lambdaworks\redis\RedisConnection.java,com.lambdaworks.redis.RedisConnection,"ttl/1[K]",0.0,0.0,-1.0,0.0
C:\Users\syuuj\gitProject\redisson\src\main\java\com\lambdaworks\redis\RedisConnection.java,com.lambdaworks.redis.RedisConnection,"type/1[K]",0.0,0.0,-1.0,0.0
C:\Users\syuuj\gitProject\redisson\src\main\java\com\lambdaworks\redis\RedisConnection.java,com.lambdaworks.redis.RedisConnection,"unwatch/0[]",0.0,0.0,-1.0,0.0
C:\Users\syuuj\gitProject\redisson\src\main\java\com\lambdaworks\redis\RedisConnection.java,com.lambdaworks.redis.RedisConnection,"watch/1[K[]]",0.0,0.0,-1.0,0.0
C:\Users\syuuj\gitProject\redisson\src\main\java\com\lambdaworks\redis\RedisConnection.java,com.lambdaworks.redis.RedisConnection,"zadd/3[K, double, V]",0.0,0.0,-1.0,0.0
C:\Users\syuuj\gitProject\redisson\src\main\java\com\lambdaworks\redis\RedisConnection.java,com.lambdaworks.redis.RedisConnection,"zadd/2[K, java.lang.Object[]]",0.0,0.0,-1.0,0.0
C:\Users\syuuj\gitProject\redisson\src\main\java\com\lambdaworks\redis\RedisConnection.java,com.lambdaworks.redis.RedisConnection,"zcard/1[K]",0.0,0.0,-1.0,0.0
C:\Users\syuuj\gitProject\redisson\src\main\java\com\lambdaworks\redis\RedisConnection.java,com.lambdaworks.redis.RedisConnection,"zcount/3[K, double, double]",0.0,0.0,-1.0,0.0
C:\Users\syuuj\gitProject\redisson\src\main\java\com\lambdaworks\redis\RedisConnection.java,com.lambdaworks.redis.RedisConnection,"zcount/3[K, java.lang.String, java.lang.String]",0.0,0.0,-1.0,0.0
C:\Users\syuuj\gitProject\redisson\src\main\java\com\lambdaworks\redis\RedisConnection.java,com.lambdaworks.redis.RedisConnection,"zincrby/3[K, double, K]",0.0,0.0,-1.0,0.0
C:\Users\syuuj\gitProject\redisson\src\main\java\com\lambdaworks\redis\RedisConnection.java,com.lambdaworks.redis.RedisConnection,"zinterstore/3[K, com.lambdaworks.redis.ZStoreArgs, K[]]",0.0,0.0,-1.0,0.0
C:\Users\syuuj\gitProject\redisson\src\main\java\com\lambdaworks\redis\RedisConnection.java,com.lambdaworks.redis.RedisConnection,"zinterstore/2[K, K[]]",0.0,0.0,-1.0,0.0
C:\Users\syuuj\gitProject\redisson\src\main\java\com\lambdaworks\redis\RedisConnection.java,com.lambdaworks.redis.RedisConnection,"zrange/3[K, long, long]",0.0,0.0,-1.0,0.0
C:\Users\syuuj\gitProject\redisson\src\main\java\com\lambdaworks\redis\RedisConnection.java,com.lambdaworks.redis.RedisConnection,"zrangeWithScores/3[K, long, long]",0.0,0.0,-1.0,0.0
C:\Users\syuuj\gitProject\redisson\src\main\java\com\lambdaworks\redis\RedisConnection.java,com.lambdaworks.redis.RedisConnection,"zrangebyscore/3[K, double, double]",0.0,0.0,-1.0,0.0
C:\Users\syuuj\gitProject\redisson\src\main\java\com\lambdaworks\redis\RedisConnection.java,com.lambdaworks.redis.RedisConnection,"zrangebyscore/5[K, double, double, long, long]",0.0,0.0,-1.0,0.0
C:\Users\syuuj\gitProject\redisson\src\main\java\com\lambdaworks\redis\RedisConnection.java,com.lambdaworks.redis.RedisConnection,"zrangebyscore/3[K, java.lang.String, java.lang.String]",0.0,0.0,-1.0,0.0
C:\Users\syuuj\gitProject\redisson\src\main\java\com\lambdaworks\redis\RedisConnection.java,com.lambdaworks.redis.RedisConnection,"zrangebyscore/5[K, java.lang.String, java.lang.String, long, long]",0.0,0.0,-1.0,0.0
C:\Users\syuuj\gitProject\redisson\src\main\java\com\lambdaworks\redis\RedisConnection.java,com.lambdaworks.redis.RedisConnection,"zrangebyscoreWithScores/3[K, double, double]",0.0,0.0,-1.0,0.0
C:\Users\syuuj\gitProject\redisson\src\main\java\com\lambdaworks\redis\RedisConnection.java,com.lambdaworks.redis.RedisConnection,"zrangebyscoreWithScores/5[K, double, double, long, long]",0.0,0.0,-1.0,0.0
C:\Users\syuuj\gitProject\redisson\src\main\java\com\lambdaworks\redis\RedisConnection.java,com.lambdaworks.redis.RedisConnection,"zrangebyscoreWithScores/3[K, java.lang.String, java.lang.String]",0.0,0.0,-1.0,0.0
C:\Users\syuuj\gitProject\redisson\src\main\java\com\lambdaworks\redis\RedisConnection.java,com.lambdaworks.redis.RedisConnection,"zrangebyscoreWithScores/5[K, java.lang.String, java.lang.String, long, long]",0.0,0.0,-1.0,0.0
C:\Users\syuuj\gitProject\redisson\src\main\java\com\lambdaworks\redis\RedisConnection.java,com.lambdaworks.redis.RedisConnection,"zrank/2[K, V]",0.0,0.0,-1.0,0.0
C:\Users\syuuj\gitProject\redisson\src\main\java\com\lambdaworks\redis\RedisConnection.java,com.lambdaworks.redis.RedisConnection,"zrem/2[K, V[]]",0.0,0.0,-1.0,0.0
C:\Users\syuuj\gitProject\redisson\src\main\java\com\lambdaworks\redis\RedisConnection.java,com.lambdaworks.redis.RedisConnection,"zremrangebyrank/3[K, long, long]",0.0,0.0,-1.0,0.0
C:\Users\syuuj\gitProject\redisson\src\main\java\com\lambdaworks\redis\RedisConnection.java,com.lambdaworks.redis.RedisConnection,"zremrangebyscore/3[K, double, double]",0.0,0.0,-1.0,0.0
C:\Users\syuuj\gitProject\redisson\src\main\java\com\lambdaworks\redis\RedisConnection.java,com.lambdaworks.redis.RedisConnection,"zremrangebyscore/3[K, java.lang.String, java.lang.String]",0.0,0.0,-1.0,0.0
C:\Users\syuuj\gitProject\redisson\src\main\java\com\lambdaworks\redis\RedisConnection.java,com.lambdaworks.redis.RedisConnection,"zrevrange/3[K, long, long]",0.0,0.0,-1.0,0.0
C:\Users\syuuj\gitProject\redisson\src\main\java\com\lambdaworks\redis\RedisConnection.java,com.lambdaworks.redis.RedisConnection,"zrevrangeWithScores/3[K, long, long]",0.0,0.0,-1.0,0.0
C:\Users\syuuj\gitProject\redisson\src\main\java\com\lambdaworks\redis\RedisConnection.java,com.lambdaworks.redis.RedisConnection,"zrevrangebyscore/3[K, double, double]",0.0,0.0,-1.0,0.0
C:\Users\syuuj\gitProject\redisson\src\main\java\com\lambdaworks\redis\RedisConnection.java,com.lambdaworks.redis.RedisConnection,"zrevrangebyscore/5[K, double, double, long, long]",0.0,0.0,-1.0,0.0
C:\Users\syuuj\gitProject\redisson\src\main\java\com\lambdaworks\redis\RedisConnection.java,com.lambdaworks.redis.RedisConnection,"zrevrangebyscore/3[K, java.lang.String, java.lang.String]",0.0,0.0,-1.0,0.0
C:\Users\syuuj\gitProject\redisson\src\main\java\com\lambdaworks\redis\RedisConnection.java,com.lambdaworks.redis.RedisConnection,"zrevrangebyscore/5[K, java.lang.String, java.lang.String, long, long]",0.0,0.0,-1.0,0.0
C:\Users\syuuj\gitProject\redisson\src\main\java\com\lambdaworks\redis\RedisConnection.java,com.lambdaworks.redis.RedisConnection,"zrevrangebyscoreWithScores/3[K, double, double]",0.0,0.0,-1.0,0.0
C:\Users\syuuj\gitProject\redisson\src\main\java\com\lambdaworks\redis\RedisConnection.java,com.lambdaworks.redis.RedisConnection,"zrevrangebyscoreWithScores/5[K, double, double, long, long]",0.0,0.0,-1.0,0.0
C:\Users\syuuj\gitProject\redisson\src\main\java\com\lambdaworks\redis\RedisConnection.java,com.lambdaworks.redis.RedisConnection,"zrevrangebyscoreWithScores/3[K, java.lang.String, java.lang.String]",0.0,0.0,-1.0,0.0
C:\Users\syuuj\gitProject\redisson\src\main\java\com\lambdaworks\redis\RedisConnection.java,com.lambdaworks.redis.RedisConnection,"zrevrangebyscoreWithScores/5[K, java.lang.String, java.lang.String, long, long]",0.0,0.0,-1.0,0.0
C:\Users\syuuj\gitProject\redisson\src\main\java\com\lambdaworks\redis\RedisConnection.java,com.lambdaworks.redis.RedisConnection,"zrevrank/2[K, V]",0.0,0.0,-1.0,0.0
C:\Users\syuuj\gitProject\redisson\src\main\java\com\lambdaworks\redis\RedisConnection.java,com.lambdaworks.redis.RedisConnection,"zscore/2[K, V]",0.0,0.0,-1.0,0.0
C:\Users\syuuj\gitProject\redisson\src\main\java\com\lambdaworks\redis\RedisConnection.java,com.lambdaworks.redis.RedisConnection,"zunionstore/3[K, com.lambdaworks.redis.ZStoreArgs, K[]]",0.0,0.0,-1.0,0.0
C:\Users\syuuj\gitProject\redisson\src\main\java\com\lambdaworks\redis\RedisConnection.java,com.lambdaworks.redis.RedisConnection,"zunionstore/2[K, K[]]",0.0,0.0,-1.0,0.0
C:\Users\syuuj\gitProject\redisson\src\main\java\com\lambdaworks\redis\protocol\RedisStateMachine.java,com.lambdaworks.redis.protocol.RedisStateMachine,"decode/2[io.netty.buffer.ByteBuf, com.lambdaworks.redis.protocol.CommandOutput]",22.0,0.0,0.0,3.0
C:\Users\syuuj\gitProject\redisson\src\main\java\com\lambdaworks\redis\protocol\RedisStateMachine.java,com.lambdaworks.redis.protocol.RedisStateMachine,"findLineEnd/1[io.netty.buffer.ByteBuf]",1.0,0.0,0.0,1.0
C:\Users\syuuj\gitProject\redisson\src\main\java\com\lambdaworks\redis\protocol\RedisStateMachine.java,com.lambdaworks.redis.protocol.RedisStateMachine,"readBytes/2[io.netty.buffer.ByteBuf, int]",0.0,0.0,-1.0,0.0
C:\Users\syuuj\gitProject\redisson\src\main\java\com\lambdaworks\redis\protocol\RedisStateMachine.java,com.lambdaworks.redis.protocol.RedisStateMachine,"readLine/1[io.netty.buffer.ByteBuf]",0.0,0.0,-1.0,0.0
C:\Users\syuuj\gitProject\redisson\src\main\java\com\lambdaworks\redis\protocol\RedisStateMachine.java,com.lambdaworks.redis.protocol.RedisStateMachine,"readLong/3[io.netty.buffer.ByteBuf, int, int]",2.0,0.0,0.0,1.0
C:\Users\syuuj\gitProject\redisson\src\main\java\com\lambdaworks\redis\protocol\RedisStateMachine.java,com.lambdaworks.redis.protocol.RedisStateMachine,"readReplyType/1[io.netty.buffer.ByteBuf]",5.0,0.0,0.0,1.0
