file,class,method,variable,usage
C:\Users\syuuj\gitProject\redisson\redisson\src\main\java\org\redisson\config\ClusterServersConfig.java,org.redisson.config.ClusterServersConfig,setNodeAddresses/1[java.util.List<java.lang.String>],nodeAddresses,2
C:\Users\syuuj\gitProject\redisson\redisson\src\main\java\org\redisson\config\ClusterServersConfig.java,org.redisson.config.ClusterServersConfig,"setNatMap/1[java.util.Map<java.lang.String,java.lang.String>]",natMap,1
C:\Users\syuuj\gitProject\redisson\redisson\src\main\java\org\redisson\config\ClusterServersConfig.java,org.redisson.config.ClusterServersConfig,"setNatMap/1[java.util.Map<java.lang.String,java.lang.String>]",mapper,2
C:\Users\syuuj\gitProject\redisson\redisson\src\main\java\org\redisson\config\ClusterServersConfig.java,org.redisson.config.ClusterServersConfig,setScanInterval/1[int],scanInterval,2
C:\Users\syuuj\gitProject\redisson\redisson\src\main\java\org\redisson\config\ClusterServersConfig.java,org.redisson.config.ClusterServersConfig,ClusterServersConfig/1[org.redisson.config.ClusterServersConfig],config,8
C:\Users\syuuj\gitProject\redisson\redisson\src\main\java\org\redisson\config\ClusterServersConfig.java,org.redisson.config.ClusterServersConfig,addNodeAddress/1[java.lang.String[]],addresses,1
C:\Users\syuuj\gitProject\redisson\redisson\src\main\java\org\redisson\config\ClusterServersConfig.java,org.redisson.config.ClusterServersConfig,setShardedSubscriptionMode/1[org.redisson.config.ShardedSubscriptionMode],shardedSubscriptionMode,2
C:\Users\syuuj\gitProject\redisson\redisson\src\main\java\org\redisson\config\ClusterServersConfig.java,org.redisson.config.ClusterServersConfig,setDatabase/1[int],database,2
C:\Users\syuuj\gitProject\redisson\redisson\src\main\java\org\redisson\config\ClusterServersConfig.java,org.redisson.config.ClusterServersConfig,setCheckSlotsCoverage/1[boolean],checkSlotsCoverage,2
C:\Users\syuuj\gitProject\redisson\redisson\src\main\java\org\redisson\config\ClusterServersConfig.java,org.redisson.config.ClusterServersConfig,setNatMapper/1[org.redisson.config.NatMapper],natMapper,2
C:\Users\syuuj\gitProject\redisson\redisson\src\main\java\org\redisson\config\ClusterServersConfig.java,org.redisson.config.ClusterServersConfig,setCheckMasterLinkStatus/1[boolean],checkMasterLinkStatus,2
C:\Users\syuuj\gitProject\redisson\redisson\src\main\java\org\redisson\connection\ClusterConnectionManager.java,org.redisson.connection.ClusterConnectionManager,"addMasterEntry/2[org.redisson.connection.ClusterPartition,org.redisson.connection.ClusterServersConfig]",cfg,2
C:\Users\syuuj\gitProject\redisson\redisson\src\main\java\org\redisson\connection\ClusterConnectionManager.java,org.redisson.connection.ClusterConnectionManager,"addMasterEntry/2[org.redisson.connection.ClusterPartition,org.redisson.connection.ClusterServersConfig]",e,2
C:\Users\syuuj\gitProject\redisson\redisson\src\main\java\org\redisson\connection\ClusterConnectionManager.java,org.redisson.connection.ClusterConnectionManager,"addMasterEntry/2[org.redisson.connection.ClusterPartition,org.redisson.connection.ClusterServersConfig]",slaveAddresses,1
C:\Users\syuuj\gitProject\redisson\redisson\src\main\java\org\redisson\connection\ClusterConnectionManager.java,org.redisson.connection.ClusterConnectionManager,"addMasterEntry/2[org.redisson.connection.ClusterPartition,org.redisson.connection.ClusterServersConfig]",f,1
C:\Users\syuuj\gitProject\redisson\redisson\src\main\java\org\redisson\connection\ClusterConnectionManager.java,org.redisson.connection.ClusterConnectionManager,"addMasterEntry/2[org.redisson.connection.ClusterPartition,org.redisson.connection.ClusterServersConfig]",slot,2
C:\Users\syuuj\gitProject\redisson\redisson\src\main\java\org\redisson\connection\ClusterConnectionManager.java,org.redisson.connection.ClusterConnectionManager,"addMasterEntry/2[org.redisson.connection.ClusterPartition,org.redisson.connection.ClusterServersConfig]",masterClient,0
C:\Users\syuuj\gitProject\redisson\redisson\src\main\java\org\redisson\connection\ClusterConnectionManager.java,org.redisson.connection.ClusterConnectionManager,"addMasterEntry/2[org.redisson.connection.ClusterPartition,org.redisson.connection.ClusterServersConfig]",fs,1
C:\Users\syuuj\gitProject\redisson\redisson\src\main\java\org\redisson\connection\ClusterConnectionManager.java,org.redisson.connection.ClusterConnectionManager,"addMasterEntry/2[org.redisson.connection.ClusterPartition,org.redisson.connection.ClusterServersConfig]",connectionFuture,1
C:\Users\syuuj\gitProject\redisson\redisson\src\main\java\org\redisson\connection\ClusterConnectionManager.java,org.redisson.connection.ClusterConnectionManager,"addMasterEntry/2[org.redisson.connection.ClusterPartition,org.redisson.connection.ClusterServersConfig]",result,2
C:\Users\syuuj\gitProject\redisson\redisson\src\main\java\org\redisson\connection\ClusterConnectionManager.java,org.redisson.connection.ClusterConnectionManager,"addMasterEntry/2[org.redisson.connection.ClusterPartition,org.redisson.connection.ClusterServersConfig]",entry,5
C:\Users\syuuj\gitProject\redisson\redisson\src\main\java\org\redisson\connection\ClusterConnectionManager.java,org.redisson.connection.ClusterConnectionManager,"addMasterEntry/2[org.redisson.connection.ClusterPartition,org.redisson.connection.ClusterServersConfig]",r,5
C:\Users\syuuj\gitProject\redisson\redisson\src\main\java\org\redisson\connection\ClusterConnectionManager.java,org.redisson.connection.ClusterConnectionManager,"addMasterEntry/2[org.redisson.connection.ClusterPartition,org.redisson.connection.ClusterServersConfig]",partition,26
C:\Users\syuuj\gitProject\redisson\redisson\src\main\java\org\redisson\connection\ClusterConnectionManager.java,org.redisson.connection.ClusterConnectionManager,"addMasterEntry/2[org.redisson.connection.ClusterPartition,org.redisson.connection.ClusterServersConfig]",connection,0
C:\Users\syuuj\gitProject\redisson\redisson\src\main\java\org\redisson\connection\ClusterConnectionManager.java,org.redisson.connection.ClusterConnectionManager,"addMasterEntry/2[org.redisson.connection.ClusterPartition,org.redisson.connection.ClusterServersConfig]",config,7
C:\Users\syuuj\gitProject\redisson\redisson\src\main\java\org\redisson\connection\ClusterConnectionManager.java,org.redisson.connection.ClusterConnectionManager,create/1[org.redisson.connection.BaseMasterSlaveServersConfig<?>],res,2
C:\Users\syuuj\gitProject\redisson\redisson\src\main\java\org\redisson\connection\ClusterConnectionManager.java,org.redisson.connection.ClusterConnectionManager,create/1[org.redisson.connection.BaseMasterSlaveServersConfig<?>],cfg,4
C:\Users\syuuj\gitProject\redisson\redisson\src\main\java\org\redisson\connection\ClusterConnectionManager.java,org.redisson.connection.ClusterConnectionManager,"find/2[java.util.Collection<org.redisson.connection.ClusterPartition>,java.lang.Integer]",partitions,1
C:\Users\syuuj\gitProject\redisson\redisson\src\main\java\org\redisson\connection\ClusterConnectionManager.java,org.redisson.connection.ClusterConnectionManager,"find/2[java.util.Collection<org.redisson.connection.ClusterPartition>,java.lang.Integer]",p,1
C:\Users\syuuj\gitProject\redisson\redisson\src\main\java\org\redisson\connection\ClusterConnectionManager.java,org.redisson.connection.ClusterConnectionManager,"find/2[java.util.Collection<org.redisson.connection.ClusterPartition>,java.lang.Integer]",slot,2
C:\Users\syuuj\gitProject\redisson\redisson\src\main\java\org\redisson\connection\ClusterConnectionManager.java,org.redisson.connection.ClusterConnectionManager,checkSlotsMigration/1[java.util.Collection<org.redisson.connection.ClusterPartition>],p,3
C:\Users\syuuj\gitProject\redisson\redisson\src\main\java\org\redisson\connection\ClusterConnectionManager.java,org.redisson.connection.ClusterConnectionManager,checkSlotsMigration/1[java.util.Collection<org.redisson.connection.ClusterPartition>],entry,2
C:\Users\syuuj\gitProject\redisson\redisson\src\main\java\org\redisson\connection\ClusterConnectionManager.java,org.redisson.connection.ClusterConnectionManager,checkSlotsMigration/1[java.util.Collection<org.redisson.connection.ClusterPartition>],newPartitions,1
C:\Users\syuuj\gitProject\redisson\redisson\src\main\java\org\redisson\connection\ClusterConnectionManager.java,org.redisson.connection.ClusterConnectionManager,checkSlotsMigration/1[java.util.Collection<org.redisson.connection.ClusterPartition>],nodeEntries,1
C:\Users\syuuj\gitProject\redisson\redisson\src\main\java\org\redisson\connection\ClusterConnectionManager.java,org.redisson.connection.ClusterConnectionManager,checkSlotsMigration/1[java.util.Collection<org.redisson.connection.ClusterPartition>],newPartition,6
C:\Users\syuuj\gitProject\redisson\redisson\src\main\java\org\redisson\connection\ClusterConnectionManager.java,org.redisson.connection.ClusterConnectionManager,checkSlotsMigration/1[java.util.Collection<org.redisson.connection.ClusterPartition>],removedSlots,5
C:\Users\syuuj\gitProject\redisson\redisson\src\main\java\org\redisson\connection\ClusterConnectionManager.java,org.redisson.connection.ClusterConnectionManager,checkSlotsMigration/1[java.util.Collection<org.redisson.connection.ClusterPartition>],addedSlots,5
C:\Users\syuuj\gitProject\redisson\redisson\src\main\java\org\redisson\connection\ClusterConnectionManager.java,org.redisson.connection.ClusterConnectionManager,checkSlotsMigration/1[java.util.Collection<org.redisson.connection.ClusterPartition>],currentPartition,13
C:\Users\syuuj\gitProject\redisson\redisson\src\main\java\org\redisson\connection\ClusterConnectionManager.java,org.redisson.connection.ClusterConnectionManager,checkSlotsMigration/1[java.util.Collection<org.redisson.connection.ClusterPartition>],slot,7
C:\Users\syuuj\gitProject\redisson\redisson\src\main\java\org\redisson\connection\ClusterConnectionManager.java,org.redisson.connection.ClusterConnectionManager,checkSlotsMigration/1[java.util.Collection<org.redisson.connection.ClusterPartition>],clusterLastPartitions,2
C:\Users\syuuj\gitProject\redisson\redisson\src\main\java\org\redisson\connection\ClusterConnectionManager.java,org.redisson.connection.ClusterConnectionManager,checkSlotsMigration/1[java.util.Collection<org.redisson.connection.ClusterPartition>],nodeId,2
C:\Users\syuuj\gitProject\redisson\redisson\src\main\java\org\redisson\connection\ClusterConnectionManager.java,org.redisson.connection.ClusterConnectionManager,checkSlotsMigration/1[java.util.Collection<org.redisson.connection.ClusterPartition>],changedSlots,3
C:\Users\syuuj\gitProject\redisson\redisson\src\main\java\org\redisson\connection\ClusterConnectionManager.java,org.redisson.connection.ClusterConnectionManager,scheduleClusterChangeCheck/1[org.redisson.connection.ClusterServersConfig],slaves,3
C:\Users\syuuj\gitProject\redisson\redisson\src\main\java\org\redisson\connection\ClusterConnectionManager.java,org.redisson.connection.ClusterConnectionManager,scheduleClusterChangeCheck/1[org.redisson.connection.ClusterServersConfig],partitionSlaves,2
C:\Users\syuuj\gitProject\redisson\redisson\src\main\java\org\redisson\connection\ClusterConnectionManager.java,org.redisson.connection.ClusterConnectionManager,scheduleClusterChangeCheck/1[org.redisson.connection.ClusterServersConfig],lastException,4
C:\Users\syuuj\gitProject\redisson\redisson\src\main\java\org\redisson\connection\ClusterConnectionManager.java,org.redisson.connection.ClusterConnectionManager,scheduleClusterChangeCheck/1[org.redisson.connection.ClusterServersConfig],address,1
C:\Users\syuuj\gitProject\redisson\redisson\src\main\java\org\redisson\connection\ClusterConnectionManager.java,org.redisson.connection.ClusterConnectionManager,scheduleClusterChangeCheck/1[org.redisson.connection.ClusterServersConfig],nodes,10
C:\Users\syuuj\gitProject\redisson\redisson\src\main\java\org\redisson\connection\ClusterConnectionManager.java,org.redisson.connection.ClusterConnectionManager,scheduleClusterChangeCheck/1[org.redisson.connection.ClusterServersConfig],ex,2
C:\Users\syuuj\gitProject\redisson\redisson\src\main\java\org\redisson\connection\ClusterConnectionManager.java,org.redisson.connection.ClusterConnectionManager,scheduleClusterChangeCheck/1[org.redisson.connection.ClusterServersConfig],partition,4
C:\Users\syuuj\gitProject\redisson\redisson\src\main\java\org\redisson\connection\ClusterConnectionManager.java,org.redisson.connection.ClusterConnectionManager,scheduleClusterChangeCheck/1[org.redisson.connection.ClusterServersConfig],t,0
C:\Users\syuuj\gitProject\redisson\redisson\src\main\java\org\redisson\connection\ClusterConnectionManager.java,org.redisson.connection.ClusterConnectionManager,scheduleClusterChangeCheck/1[org.redisson.connection.ClusterServersConfig],cfg,5
C:\Users\syuuj\gitProject\redisson\redisson\src\main\java\org\redisson\connection\ClusterConnectionManager.java,org.redisson.connection.ClusterConnectionManager,scheduleClusterChangeCheck/1[org.redisson.connection.ClusterServersConfig],nodesIterator,3
C:\Users\syuuj\gitProject\redisson\redisson\src\main\java\org\redisson\connection\ClusterConnectionManager.java,org.redisson.connection.ClusterConnectionManager,scheduleClusterChangeCheck/1[org.redisson.connection.ClusterServersConfig],uri,2
C:\Users\syuuj\gitProject\redisson\redisson\src\main\java\org\redisson\connection\ClusterConnectionManager.java,org.redisson.connection.ClusterConnectionManager,scheduleClusterChangeCheck/1[org.redisson.connection.ClusterServersConfig],allNodes,1
C:\Users\syuuj\gitProject\redisson\redisson\src\main\java\org\redisson\connection\ClusterConnectionManager.java,org.redisson.connection.ClusterConnectionManager,parsePartitions/1[java.util.List<org.redisson.connection.ClusterNodeInfo>],addresses,7
C:\Users\syuuj\gitProject\redisson\redisson\src\main\java\org\redisson\connection\ClusterConnectionManager.java,org.redisson.connection.ClusterConnectionManager,parsePartitions/1[java.util.List<org.redisson.connection.ClusterNodeInfo>],masterPartition,9
C:\Users\syuuj\gitProject\redisson\redisson\src\main\java\org\redisson\connection\ClusterConnectionManager.java,org.redisson.connection.ClusterConnectionManager,parsePartitions/1[java.util.List<org.redisson.connection.ClusterNodeInfo>],con,1
C:\Users\syuuj\gitProject\redisson\redisson\src\main\java\org\redisson\connection\ClusterConnectionManager.java,org.redisson.connection.ClusterConnectionManager,parsePartitions/1[java.util.List<org.redisson.connection.ClusterNodeInfo>],ps,1
C:\Users\syuuj\gitProject\redisson\redisson\src\main\java\org\redisson\connection\ClusterConnectionManager.java,org.redisson.connection.ClusterConnectionManager,parsePartitions/1[java.util.List<org.redisson.connection.ClusterNodeInfo>],ipsFuture,1
C:\Users\syuuj\gitProject\redisson\redisson\src\main\java\org\redisson\connection\ClusterConnectionManager.java,org.redisson.connection.ClusterConnectionManager,parsePartitions/1[java.util.List<org.redisson.connection.ClusterNodeInfo>],slavePartition,2
C:\Users\syuuj\gitProject\redisson\redisson\src\main\java\org\redisson\connection\ClusterConnectionManager.java,org.redisson.connection.ClusterConnectionManager,parsePartitions/1[java.util.List<org.redisson.connection.ClusterNodeInfo>],addr,2
C:\Users\syuuj\gitProject\redisson\redisson\src\main\java\org\redisson\connection\ClusterConnectionManager.java,org.redisson.connection.ClusterConnectionManager,parsePartitions/1[java.util.List<org.redisson.connection.ClusterNodeInfo>],value,2
C:\Users\syuuj\gitProject\redisson\redisson\src\main\java\org\redisson\connection\ClusterConnectionManager.java,org.redisson.connection.ClusterConnectionManager,parsePartitions/1[java.util.List<org.redisson.connection.ClusterNodeInfo>],clusterNodeInfo,26
C:\Users\syuuj\gitProject\redisson\redisson\src\main\java\org\redisson\connection\ClusterConnectionManager.java,org.redisson.connection.ClusterConnectionManager,parsePartitions/1[java.util.List<org.redisson.connection.ClusterNodeInfo>],info,1
C:\Users\syuuj\gitProject\redisson\redisson\src\main\java\org\redisson\connection\ClusterConnectionManager.java,org.redisson.connection.ClusterConnectionManager,parsePartitions/1[java.util.List<org.redisson.connection.ClusterNodeInfo>],partitions,7
C:\Users\syuuj\gitProject\redisson\redisson\src\main\java\org\redisson\connection\ClusterConnectionManager.java,org.redisson.connection.ClusterConnectionManager,parsePartitions/1[java.util.List<org.redisson.connection.ClusterNodeInfo>],address,13
C:\Users\syuuj\gitProject\redisson\redisson\src\main\java\org\redisson\connection\ClusterConnectionManager.java,org.redisson.connection.ClusterConnectionManager,parsePartitions/1[java.util.List<org.redisson.connection.ClusterNodeInfo>],f,1
C:\Users\syuuj\gitProject\redisson\redisson\src\main\java\org\redisson\connection\ClusterConnectionManager.java,org.redisson.connection.ClusterConnectionManager,parsePartitions/1[java.util.List<org.redisson.connection.ClusterNodeInfo>],index,1
C:\Users\syuuj\gitProject\redisson\redisson\src\main\java\org\redisson\connection\ClusterConnectionManager.java,org.redisson.connection.ClusterConnectionManager,parsePartitions/1[java.util.List<org.redisson.connection.ClusterNodeInfo>],k,2
C:\Users\syuuj\gitProject\redisson\redisson\src\main\java\org\redisson\connection\ClusterConnectionManager.java,org.redisson.connection.ClusterConnectionManager,parsePartitions/1[java.util.List<org.redisson.connection.ClusterNodeInfo>],futures,2
C:\Users\syuuj\gitProject\redisson\redisson\src\main\java\org\redisson\connection\ClusterConnectionManager.java,org.redisson.connection.ClusterConnectionManager,parsePartitions/1[java.util.List<org.redisson.connection.ClusterNodeInfo>],uri,6
C:\Users\syuuj\gitProject\redisson\redisson\src\main\java\org\redisson\connection\ClusterConnectionManager.java,org.redisson.connection.ClusterConnectionManager,parsePartitions/1[java.util.List<org.redisson.connection.ClusterNodeInfo>],cp,3
C:\Users\syuuj\gitProject\redisson\redisson\src\main\java\org\redisson\connection\ClusterConnectionManager.java,org.redisson.connection.ClusterConnectionManager,parsePartitions/1[java.util.List<org.redisson.connection.ClusterNodeInfo>],connectionFuture,1
C:\Users\syuuj\gitProject\redisson\redisson\src\main\java\org\redisson\connection\ClusterConnectionManager.java,org.redisson.connection.ClusterConnectionManager,parsePartitions/1[java.util.List<org.redisson.connection.ClusterNodeInfo>],masterId,7
C:\Users\syuuj\gitProject\redisson\redisson\src\main\java\org\redisson\connection\ClusterConnectionManager.java,org.redisson.connection.ClusterConnectionManager,parsePartitions/1[java.util.List<org.redisson.connection.ClusterNodeInfo>],r,2
C:\Users\syuuj\gitProject\redisson\redisson\src\main\java\org\redisson\connection\ClusterConnectionManager.java,org.redisson.connection.ClusterConnectionManager,parsePartitions/1[java.util.List<org.redisson.connection.ClusterNodeInfo>],mappedUri,1
C:\Users\syuuj\gitProject\redisson\redisson\src\main\java\org\redisson\connection\ClusterConnectionManager.java,org.redisson.connection.ClusterConnectionManager,parsePartitions/1[java.util.List<org.redisson.connection.ClusterNodeInfo>],nodes,1
C:\Users\syuuj\gitProject\redisson\redisson\src\main\java\org\redisson\connection\ClusterConnectionManager.java,org.redisson.connection.ClusterConnectionManager,parsePartitions/1[java.util.List<org.redisson.connection.ClusterNodeInfo>],ex,8
C:\Users\syuuj\gitProject\redisson\redisson\src\main\java\org\redisson\connection\ClusterConnectionManager.java,org.redisson.connection.ClusterConnectionManager,parsePartitions/1[java.util.List<org.redisson.connection.ClusterNodeInfo>],masterLinkStatus,1
C:\Users\syuuj\gitProject\redisson\redisson\src\main\java\org\redisson\connection\ClusterConnectionManager.java,org.redisson.connection.ClusterConnectionManager,parsePartitions/1[java.util.List<org.redisson.connection.ClusterNodeInfo>],future,3
C:\Users\syuuj\gitProject\redisson\redisson\src\main\java\org\redisson\connection\ClusterConnectionManager.java,org.redisson.connection.ClusterConnectionManager,parsePartitions/1[java.util.List<org.redisson.connection.ClusterNodeInfo>],finalAddress,1
C:\Users\syuuj\gitProject\redisson\redisson\src\main\java\org\redisson\connection\ClusterConnectionManager.java,org.redisson.connection.ClusterConnectionManager,"createRedisConfig/5[org.redisson.connection.NodeType,org.redisson.connection.RedisURI,int,int,java.lang.String]",result,2
C:\Users\syuuj\gitProject\redisson\redisson\src\main\java\org\redisson\connection\ClusterConnectionManager.java,org.redisson.connection.ClusterConnectionManager,"createRedisConfig/5[org.redisson.connection.NodeType,org.redisson.connection.RedisURI,int,int,java.lang.String]",address,1
C:\Users\syuuj\gitProject\redisson\redisson\src\main\java\org\redisson\connection\ClusterConnectionManager.java,org.redisson.connection.ClusterConnectionManager,"createRedisConfig/5[org.redisson.connection.NodeType,org.redisson.connection.RedisURI,int,int,java.lang.String]",commandTimeout,1
C:\Users\syuuj\gitProject\redisson\redisson\src\main\java\org\redisson\connection\ClusterConnectionManager.java,org.redisson.connection.ClusterConnectionManager,"createRedisConfig/5[org.redisson.connection.NodeType,org.redisson.connection.RedisURI,int,int,java.lang.String]",sslHostname,1
C:\Users\syuuj\gitProject\redisson\redisson\src\main\java\org\redisson\connection\ClusterConnectionManager.java,org.redisson.connection.ClusterConnectionManager,"createRedisConfig/5[org.redisson.connection.NodeType,org.redisson.connection.RedisURI,int,int,java.lang.String]",type,2
C:\Users\syuuj\gitProject\redisson\redisson\src\main\java\org\redisson\connection\ClusterConnectionManager.java,org.redisson.connection.ClusterConnectionManager,"createRedisConfig/5[org.redisson.connection.NodeType,org.redisson.connection.RedisURI,int,int,java.lang.String]",timeout,1
C:\Users\syuuj\gitProject\redisson\redisson\src\main\java\org\redisson\connection\ClusterConnectionManager.java,org.redisson.connection.ClusterConnectionManager,addCascadeSlaves/1[java.util.Collection<org.redisson.connection.ClusterPartition>],partitions,1
C:\Users\syuuj\gitProject\redisson\redisson\src\main\java\org\redisson\connection\ClusterConnectionManager.java,org.redisson.connection.ClusterConnectionManager,addCascadeSlaves/1[java.util.Collection<org.redisson.connection.ClusterPartition>],parent,2
C:\Users\syuuj\gitProject\redisson\redisson\src\main\java\org\redisson\connection\ClusterConnectionManager.java,org.redisson.connection.ClusterConnectionManager,addCascadeSlaves/1[java.util.Collection<org.redisson.connection.ClusterPartition>],iter,3
C:\Users\syuuj\gitProject\redisson\redisson\src\main\java\org\redisson\connection\ClusterConnectionManager.java,org.redisson.connection.ClusterConnectionManager,addCascadeSlaves/1[java.util.Collection<org.redisson.connection.ClusterPartition>],addr,3
C:\Users\syuuj\gitProject\redisson\redisson\src\main\java\org\redisson\connection\ClusterConnectionManager.java,org.redisson.connection.ClusterConnectionManager,addCascadeSlaves/1[java.util.Collection<org.redisson.connection.ClusterPartition>],cp,6
C:\Users\syuuj\gitProject\redisson\redisson\src\main\java\org\redisson\connection\ClusterConnectionManager.java,org.redisson.connection.ClusterConnectionManager,"shutdownEntry/2[org.redisson.connection.MasterSlaveEntry,org.redisson.connection.MasterSlaveEntry]",entry,14
C:\Users\syuuj\gitProject\redisson\redisson\src\main\java\org\redisson\connection\ClusterConnectionManager.java,org.redisson.connection.ClusterConnectionManager,"shutdownEntry/2[org.redisson.connection.MasterSlaveEntry,org.redisson.connection.MasterSlaveEntry]",slaves,1
C:\Users\syuuj\gitProject\redisson\redisson\src\main\java\org\redisson\connection\ClusterConnectionManager.java,org.redisson.connection.ClusterConnectionManager,"shutdownEntry/2[org.redisson.connection.MasterSlaveEntry,org.redisson.connection.MasterSlaveEntry]",newEntry,1
C:\Users\syuuj\gitProject\redisson\redisson\src\main\java\org\redisson\connection\ClusterConnectionManager.java,org.redisson.connection.ClusterConnectionManager,"shutdownEntry/2[org.redisson.connection.MasterSlaveEntry,org.redisson.connection.MasterSlaveEntry]",e,8
C:\Users\syuuj\gitProject\redisson\redisson\src\main\java\org\redisson\connection\ClusterConnectionManager.java,org.redisson.connection.ClusterConnectionManager,"shutdownEntry/2[org.redisson.connection.MasterSlaveEntry,org.redisson.connection.MasterSlaveEntry]",uri,3
C:\Users\syuuj\gitProject\redisson\redisson\src\main\java\org\redisson\connection\ClusterConnectionManager.java,org.redisson.connection.ClusterConnectionManager,getSlot/1[org.redisson.connection.MasterSlaveEntry],entry,1
C:\Users\syuuj\gitProject\redisson\redisson\src\main\java\org\redisson\connection\ClusterConnectionManager.java,org.redisson.connection.ClusterConnectionManager,getSlot/1[org.redisson.connection.MasterSlaveEntry],e,1
C:\Users\syuuj\gitProject\redisson\redisson\src\main\java\org\redisson\connection\ClusterConnectionManager.java,org.redisson.connection.ClusterConnectionManager,getSlot/1[org.redisson.connection.MasterSlaveEntry],m,1
C:\Users\syuuj\gitProject\redisson\redisson\src\main\java\org\redisson\connection\ClusterConnectionManager.java,org.redisson.connection.ClusterConnectionManager,checkSlaveNodesChange/1[java.util.Collection<org.redisson.connection.ClusterPartition>],entry,2
C:\Users\syuuj\gitProject\redisson\redisson\src\main\java\org\redisson\connection\ClusterConnectionManager.java,org.redisson.connection.ClusterConnectionManager,checkSlaveNodesChange/1[java.util.Collection<org.redisson.connection.ClusterPartition>],addedSlavesFuture,1
C:\Users\syuuj\gitProject\redisson\redisson\src\main\java\org\redisson\connection\ClusterConnectionManager.java,org.redisson.connection.ClusterConnectionManager,checkSlaveNodesChange/1[java.util.Collection<org.redisson.connection.ClusterPartition>],newPartitions,1
C:\Users\syuuj\gitProject\redisson\redisson\src\main\java\org\redisson\connection\ClusterConnectionManager.java,org.redisson.connection.ClusterConnectionManager,checkSlaveNodesChange/1[java.util.Collection<org.redisson.connection.ClusterPartition>],e,2
C:\Users\syuuj\gitProject\redisson\redisson\src\main\java\org\redisson\connection\ClusterConnectionManager.java,org.redisson.connection.ClusterConnectionManager,checkSlaveNodesChange/1[java.util.Collection<org.redisson.connection.ClusterPartition>],f,1
C:\Users\syuuj\gitProject\redisson\redisson\src\main\java\org\redisson\connection\ClusterConnectionManager.java,org.redisson.connection.ClusterConnectionManager,checkSlaveNodesChange/1[java.util.Collection<org.redisson.connection.ClusterPartition>],addedSlaves,1
C:\Users\syuuj\gitProject\redisson\redisson\src\main\java\org\redisson\connection\ClusterConnectionManager.java,org.redisson.connection.ClusterConnectionManager,checkSlaveNodesChange/1[java.util.Collection<org.redisson.connection.ClusterPartition>],currentPart,4
C:\Users\syuuj\gitProject\redisson\redisson\src\main\java\org\redisson\connection\ClusterConnectionManager.java,org.redisson.connection.ClusterConnectionManager,checkSlaveNodesChange/1[java.util.Collection<org.redisson.connection.ClusterPartition>],newPart,3
C:\Users\syuuj\gitProject\redisson\redisson\src\main\java\org\redisson\connection\ClusterConnectionManager.java,org.redisson.connection.ClusterConnectionManager,checkSlaveNodesChange/1[java.util.Collection<org.redisson.connection.ClusterPartition>],futures,2
C:\Users\syuuj\gitProject\redisson\redisson\src\main\java\org\redisson\connection\ClusterConnectionManager.java,org.redisson.connection.ClusterConnectionManager,"doConnect/1[java.util.function.Function<org.redisson.connection.RedisURI,java.lang.String>]",partitions,2
C:\Users\syuuj\gitProject\redisson\redisson\src\main\java\org\redisson\connection\ClusterConnectionManager.java,org.redisson.connection.ClusterConnectionManager,"doConnect/1[java.util.function.Function<org.redisson.connection.RedisURI,java.lang.String>]",lastException,7
C:\Users\syuuj\gitProject\redisson\redisson\src\main\java\org\redisson\connection\ClusterConnectionManager.java,org.redisson.connection.ClusterConnectionManager,"doConnect/1[java.util.function.Function<org.redisson.connection.RedisURI,java.lang.String>]",address,2
C:\Users\syuuj\gitProject\redisson\redisson\src\main\java\org\redisson\connection\ClusterConnectionManager.java,org.redisson.connection.ClusterConnectionManager,"doConnect/1[java.util.function.Function<org.redisson.connection.RedisURI,java.lang.String>]",partitionsFuture,1
C:\Users\syuuj\gitProject\redisson\redisson\src\main\java\org\redisson\connection\ClusterConnectionManager.java,org.redisson.connection.ClusterConnectionManager,"doConnect/1[java.util.function.Function<org.redisson.connection.RedisURI,java.lang.String>]",e,11
C:\Users\syuuj\gitProject\redisson\redisson\src\main\java\org\redisson\connection\ClusterConnectionManager.java,org.redisson.connection.ClusterConnectionManager,"doConnect/1[java.util.function.Function<org.redisson.connection.RedisURI,java.lang.String>]",failedMasters,5
C:\Users\syuuj\gitProject\redisson\redisson\src\main\java\org\redisson\connection\ClusterConnectionManager.java,org.redisson.connection.ClusterConnectionManager,"doConnect/1[java.util.function.Function<org.redisson.connection.RedisURI,java.lang.String>]",masterFuture,3
C:\Users\syuuj\gitProject\redisson\redisson\src\main\java\org\redisson\connection\ClusterConnectionManager.java,org.redisson.connection.ClusterConnectionManager,"doConnect/1[java.util.function.Function<org.redisson.connection.RedisURI,java.lang.String>]",nodesValue,2
C:\Users\syuuj\gitProject\redisson\redisson\src\main\java\org\redisson\connection\ClusterConnectionManager.java,org.redisson.connection.ClusterConnectionManager,"doConnect/1[java.util.function.Function<org.redisson.connection.RedisURI,java.lang.String>]",hostnameMapper,0
C:\Users\syuuj\gitProject\redisson\redisson\src\main\java\org\redisson\connection\ClusterConnectionManager.java,org.redisson.connection.ClusterConnectionManager,"doConnect/1[java.util.function.Function<org.redisson.connection.RedisURI,java.lang.String>]",connectionFuture,1
C:\Users\syuuj\gitProject\redisson\redisson\src\main\java\org\redisson\connection\ClusterConnectionManager.java,org.redisson.connection.ClusterConnectionManager,"doConnect/1[java.util.function.Function<org.redisson.connection.RedisURI,java.lang.String>]",nodes,2
C:\Users\syuuj\gitProject\redisson\redisson\src\main\java\org\redisson\connection\ClusterConnectionManager.java,org.redisson.connection.ClusterConnectionManager,"doConnect/1[java.util.function.Function<org.redisson.connection.RedisURI,java.lang.String>]",partition,5
C:\Users\syuuj\gitProject\redisson\redisson\src\main\java\org\redisson\connection\ClusterConnectionManager.java,org.redisson.connection.ClusterConnectionManager,"doConnect/1[java.util.function.Function<org.redisson.connection.RedisURI,java.lang.String>]",skipCommandsDetection,2
C:\Users\syuuj\gitProject\redisson\redisson\src\main\java\org\redisson\connection\ClusterConnectionManager.java,org.redisson.connection.ClusterConnectionManager,"doConnect/1[java.util.function.Function<org.redisson.connection.RedisURI,java.lang.String>]",masterFutures,2
C:\Users\syuuj\gitProject\redisson\redisson\src\main\java\org\redisson\connection\ClusterConnectionManager.java,org.redisson.connection.ClusterConnectionManager,"doConnect/1[java.util.function.Function<org.redisson.connection.RedisURI,java.lang.String>]",connection,4
C:\Users\syuuj\gitProject\redisson\redisson\src\main\java\org\redisson\connection\ClusterConnectionManager.java,org.redisson.connection.ClusterConnectionManager,"doConnect/1[java.util.function.Function<org.redisson.connection.RedisURI,java.lang.String>]",addr,7
C:\Users\syuuj\gitProject\redisson\redisson\src\main\java\org\redisson\connection\ClusterConnectionManager.java,org.redisson.connection.ClusterConnectionManager,"doConnect/1[java.util.function.Function<org.redisson.connection.RedisURI,java.lang.String>]",clusterNodeInfo,1
C:\Users\syuuj\gitProject\redisson\redisson\src\main\java\org\redisson\connection\ClusterConnectionManager.java,org.redisson.connection.ClusterConnectionManager,calcSlot/1[org.redisson.connection.ByteBuf],result,2
C:\Users\syuuj\gitProject\redisson\redisson\src\main\java\org\redisson\connection\ClusterConnectionManager.java,org.redisson.connection.ClusterConnectionManager,calcSlot/1[org.redisson.connection.ByteBuf],start,5
C:\Users\syuuj\gitProject\redisson\redisson\src\main\java\org\redisson\connection\ClusterConnectionManager.java,org.redisson.connection.ClusterConnectionManager,calcSlot/1[org.redisson.connection.ByteBuf],end,3
C:\Users\syuuj\gitProject\redisson\redisson\src\main\java\org\redisson\connection\ClusterConnectionManager.java,org.redisson.connection.ClusterConnectionManager,calcSlot/1[org.redisson.connection.ByteBuf],key,12
C:\Users\syuuj\gitProject\redisson\redisson\src\main\java\org\redisson\connection\ClusterConnectionManager.java,org.redisson.connection.ClusterConnectionManager,"addRemoveSlaves/3[org.redisson.connection.MasterSlaveEntry,org.redisson.connection.ClusterPartition,org.redisson.connection.ClusterPartition]",res,0
C:\Users\syuuj\gitProject\redisson\redisson\src\main\java\org\redisson\connection\ClusterConnectionManager.java,org.redisson.connection.ClusterConnectionManager,"addRemoveSlaves/3[org.redisson.connection.MasterSlaveEntry,org.redisson.connection.ClusterPartition,org.redisson.connection.ClusterPartition]",removedSlaves,3
C:\Users\syuuj\gitProject\redisson\redisson\src\main\java\org\redisson\connection\ClusterConnectionManager.java,org.redisson.connection.ClusterConnectionManager,"addRemoveSlaves/3[org.redisson.connection.MasterSlaveEntry,org.redisson.connection.ClusterPartition,org.redisson.connection.ClusterPartition]",f,3
C:\Users\syuuj\gitProject\redisson\redisson\src\main\java\org\redisson\connection\ClusterConnectionManager.java,org.redisson.connection.ClusterConnectionManager,"addRemoveSlaves/3[org.redisson.connection.MasterSlaveEntry,org.redisson.connection.ClusterPartition,org.redisson.connection.ClusterPartition]",addedSlaves,3
C:\Users\syuuj\gitProject\redisson\redisson\src\main\java\org\redisson\connection\ClusterConnectionManager.java,org.redisson.connection.ClusterConnectionManager,"addRemoveSlaves/3[org.redisson.connection.MasterSlaveEntry,org.redisson.connection.ClusterPartition,org.redisson.connection.ClusterPartition]",newPart,7
C:\Users\syuuj\gitProject\redisson\redisson\src\main\java\org\redisson\connection\ClusterConnectionManager.java,org.redisson.connection.ClusterConnectionManager,"addRemoveSlaves/3[org.redisson.connection.MasterSlaveEntry,org.redisson.connection.ClusterPartition,org.redisson.connection.ClusterPartition]",futures,3
C:\Users\syuuj\gitProject\redisson\redisson\src\main\java\org\redisson\connection\ClusterConnectionManager.java,org.redisson.connection.ClusterConnectionManager,"addRemoveSlaves/3[org.redisson.connection.MasterSlaveEntry,org.redisson.connection.ClusterPartition,org.redisson.connection.ClusterPartition]",uri,23
C:\Users\syuuj\gitProject\redisson\redisson\src\main\java\org\redisson\connection\ClusterConnectionManager.java,org.redisson.connection.ClusterConnectionManager,"addRemoveSlaves/3[org.redisson.connection.MasterSlaveEntry,org.redisson.connection.ClusterPartition,org.redisson.connection.ClusterPartition]",entry,7
C:\Users\syuuj\gitProject\redisson\redisson\src\main\java\org\redisson\connection\ClusterConnectionManager.java,org.redisson.connection.ClusterConnectionManager,"addRemoveSlaves/3[org.redisson.connection.MasterSlaveEntry,org.redisson.connection.ClusterPartition,org.redisson.connection.ClusterPartition]",slaveUpFuture,5
C:\Users\syuuj\gitProject\redisson\redisson\src\main\java\org\redisson\connection\ClusterConnectionManager.java,org.redisson.connection.ClusterConnectionManager,"addRemoveSlaves/3[org.redisson.connection.MasterSlaveEntry,org.redisson.connection.ClusterPartition,org.redisson.connection.ClusterPartition]",r,0
C:\Users\syuuj\gitProject\redisson\redisson\src\main\java\org\redisson\connection\ClusterConnectionManager.java,org.redisson.connection.ClusterConnectionManager,"addRemoveSlaves/3[org.redisson.connection.MasterSlaveEntry,org.redisson.connection.ClusterPartition,org.redisson.connection.ClusterPartition]",v,2
C:\Users\syuuj\gitProject\redisson\redisson\src\main\java\org\redisson\connection\ClusterConnectionManager.java,org.redisson.connection.ClusterConnectionManager,"addRemoveSlaves/3[org.redisson.connection.MasterSlaveEntry,org.redisson.connection.ClusterPartition,org.redisson.connection.ClusterPartition]",currentPart,19
C:\Users\syuuj\gitProject\redisson\redisson\src\main\java\org\redisson\connection\ClusterConnectionManager.java,org.redisson.connection.ClusterConnectionManager,"addRemoveSlaves/3[org.redisson.connection.MasterSlaveEntry,org.redisson.connection.ClusterPartition,org.redisson.connection.ClusterPartition]",slaveEntry,1
C:\Users\syuuj\gitProject\redisson\redisson\src\main\java\org\redisson\connection\ClusterConnectionManager.java,org.redisson.connection.ClusterConnectionManager,"addRemoveSlaves/3[org.redisson.connection.MasterSlaveEntry,org.redisson.connection.ClusterPartition,org.redisson.connection.ClusterPartition]",slaveDown,2
C:\Users\syuuj\gitProject\redisson\redisson\src\main\java\org\redisson\connection\ClusterConnectionManager.java,org.redisson.connection.ClusterConnectionManager,getEntry/1[int],slot,1
C:\Users\syuuj\gitProject\redisson\redisson\src\main\java\org\redisson\connection\ClusterConnectionManager.java,org.redisson.connection.ClusterConnectionManager,"checkMasterNodesChange/2[org.redisson.connection.ClusterServersConfig,java.util.Collection<org.redisson.connection.ClusterPartition>]",res,0
C:\Users\syuuj\gitProject\redisson\redisson\src\main\java\org\redisson\connection\ClusterConnectionManager.java,org.redisson.connection.ClusterConnectionManager,"checkMasterNodesChange/2[org.redisson.connection.ClusterServersConfig,java.util.Collection<org.redisson.connection.ClusterPartition>]",newMasterPart,2
C:\Users\syuuj\gitProject\redisson\redisson\src\main\java\org\redisson\connection\ClusterConnectionManager.java,org.redisson.connection.ClusterConnectionManager,"checkMasterNodesChange/2[org.redisson.connection.ClusterServersConfig,java.util.Collection<org.redisson.connection.ClusterPartition>]",newPartitions,2
C:\Users\syuuj\gitProject\redisson\redisson\src\main\java\org\redisson\connection\ClusterConnectionManager.java,org.redisson.connection.ClusterConnectionManager,"checkMasterNodesChange/2[org.redisson.connection.ClusterServersConfig,java.util.Collection<org.redisson.connection.ClusterPartition>]",cfg,1
C:\Users\syuuj\gitProject\redisson\redisson\src\main\java\org\redisson\connection\ClusterConnectionManager.java,org.redisson.connection.ClusterConnectionManager,"checkMasterNodesChange/2[org.redisson.connection.ClusterServersConfig,java.util.Collection<org.redisson.connection.ClusterPartition>]",e,4
C:\Users\syuuj\gitProject\redisson\redisson\src\main\java\org\redisson\connection\ClusterConnectionManager.java,org.redisson.connection.ClusterConnectionManager,"checkMasterNodesChange/2[org.redisson.connection.ClusterServersConfig,java.util.Collection<org.redisson.connection.ClusterPartition>]",masterFound,2
C:\Users\syuuj\gitProject\redisson\redisson\src\main\java\org\redisson\connection\ClusterConnectionManager.java,org.redisson.connection.ClusterConnectionManager,"checkMasterNodesChange/2[org.redisson.connection.ClusterServersConfig,java.util.Collection<org.redisson.connection.ClusterPartition>]",f,1
C:\Users\syuuj\gitProject\redisson\redisson\src\main\java\org\redisson\connection\ClusterConnectionManager.java,org.redisson.connection.ClusterConnectionManager,"checkMasterNodesChange/2[org.redisson.connection.ClusterServersConfig,java.util.Collection<org.redisson.connection.ClusterPartition>]",mastersElected,2
C:\Users\syuuj\gitProject\redisson\redisson\src\main\java\org\redisson\connection\ClusterConnectionManager.java,org.redisson.connection.ClusterConnectionManager,"checkMasterNodesChange/2[org.redisson.connection.ClusterServersConfig,java.util.Collection<org.redisson.connection.ClusterPartition>]",newPart,8
C:\Users\syuuj\gitProject\redisson\redisson\src\main\java\org\redisson\connection\ClusterConnectionManager.java,org.redisson.connection.ClusterConnectionManager,"checkMasterNodesChange/2[org.redisson.connection.ClusterServersConfig,java.util.Collection<org.redisson.connection.ClusterPartition>]",slot,2
C:\Users\syuuj\gitProject\redisson\redisson\src\main\java\org\redisson\connection\ClusterConnectionManager.java,org.redisson.connection.ClusterConnectionManager,"checkMasterNodesChange/2[org.redisson.connection.ClusterServersConfig,java.util.Collection<org.redisson.connection.ClusterPartition>]",futures,3
C:\Users\syuuj\gitProject\redisson\redisson\src\main\java\org\redisson\connection\ClusterConnectionManager.java,org.redisson.connection.ClusterConnectionManager,"checkMasterNodesChange/2[org.redisson.connection.ClusterServersConfig,java.util.Collection<org.redisson.connection.ClusterPartition>]",oldUri,2
C:\Users\syuuj\gitProject\redisson\redisson\src\main\java\org\redisson\connection\ClusterConnectionManager.java,org.redisson.connection.ClusterConnectionManager,"checkMasterNodesChange/2[org.redisson.connection.ClusterServersConfig,java.util.Collection<org.redisson.connection.ClusterPartition>]",addedPartitions,3
C:\Users\syuuj\gitProject\redisson\redisson\src\main\java\org\redisson\connection\ClusterConnectionManager.java,org.redisson.connection.ClusterConnectionManager,"checkMasterNodesChange/2[org.redisson.connection.ClusterServersConfig,java.util.Collection<org.redisson.connection.ClusterPartition>]",future,3
C:\Users\syuuj\gitProject\redisson\redisson\src\main\java\org\redisson\connection\ClusterConnectionManager.java,org.redisson.connection.ClusterConnectionManager,"checkMasterNodesChange/2[org.redisson.connection.ClusterServersConfig,java.util.Collection<org.redisson.connection.ClusterPartition>]",newUri,3
C:\Users\syuuj\gitProject\redisson\redisson\src\main\java\org\redisson\connection\ClusterConnectionManager.java,org.redisson.connection.ClusterConnectionManager,"checkMasterNodesChange/2[org.redisson.connection.ClusterServersConfig,java.util.Collection<org.redisson.connection.ClusterPartition>]",currentPart,6
C:\Users\syuuj\gitProject\redisson\redisson\src\main\java\org\redisson\connection\ClusterConnectionManager.java,org.redisson.connection.ClusterConnectionManager,"addPartition/2[java.lang.Integer,org.redisson.connection.ClusterPartition]",partition,2
C:\Users\syuuj\gitProject\redisson\redisson\src\main\java\org\redisson\connection\ClusterConnectionManager.java,org.redisson.connection.ClusterConnectionManager,"addPartition/2[java.lang.Integer,org.redisson.connection.ClusterPartition]",slot,1
C:\Users\syuuj\gitProject\redisson\redisson\src\main\java\org\redisson\connection\ClusterConnectionManager.java,org.redisson.connection.ClusterConnectionManager,"addPartition/2[java.lang.Integer,org.redisson.connection.ClusterPartition]",prevPartiton,3
C:\Users\syuuj\gitProject\redisson\redisson\src\main\java\org\redisson\connection\ClusterConnectionManager.java,org.redisson.connection.ClusterConnectionManager,checkSlotsChange/1[java.util.Collection<org.redisson.connection.ClusterPartition>],p,5
C:\Users\syuuj\gitProject\redisson\redisson\src\main\java\org\redisson\connection\ClusterConnectionManager.java,org.redisson.connection.ClusterConnectionManager,checkSlotsChange/1[java.util.Collection<org.redisson.connection.ClusterPartition>],entry,2
C:\Users\syuuj\gitProject\redisson\redisson\src\main\java\org\redisson\connection\ClusterConnectionManager.java,org.redisson.connection.ClusterConnectionManager,checkSlotsChange/1[java.util.Collection<org.redisson.connection.ClusterPartition>],s,1
C:\Users\syuuj\gitProject\redisson\redisson\src\main\java\org\redisson\connection\ClusterConnectionManager.java,org.redisson.connection.ClusterConnectionManager,checkSlotsChange/1[java.util.Collection<org.redisson.connection.ClusterPartition>],newPartitions,3
C:\Users\syuuj\gitProject\redisson\redisson\src\main\java\org\redisson\connection\ClusterConnectionManager.java,org.redisson.connection.ClusterConnectionManager,checkSlotsChange/1[java.util.Collection<org.redisson.connection.ClusterPartition>],removedSlots,3
C:\Users\syuuj\gitProject\redisson\redisson\src\main\java\org\redisson\connection\ClusterConnectionManager.java,org.redisson.connection.ClusterConnectionManager,checkSlotsChange/1[java.util.Collection<org.redisson.connection.ClusterPartition>],addedSlots,3
C:\Users\syuuj\gitProject\redisson\redisson\src\main\java\org\redisson\connection\ClusterConnectionManager.java,org.redisson.connection.ClusterConnectionManager,checkSlotsChange/1[java.util.Collection<org.redisson.connection.ClusterPartition>],newSlotsAmount,1
C:\Users\syuuj\gitProject\redisson\redisson\src\main\java\org\redisson\connection\ClusterConnectionManager.java,org.redisson.connection.ClusterConnectionManager,checkSlotsChange/1[java.util.Collection<org.redisson.connection.ClusterPartition>],slot,6
C:\Users\syuuj\gitProject\redisson\redisson\src\main\java\org\redisson\connection\ClusterConnectionManager.java,org.redisson.connection.ClusterConnectionManager,checkSlotsChange/1[java.util.Collection<org.redisson.connection.ClusterPartition>],clusterPartition,5
C:\Users\syuuj\gitProject\redisson\redisson\src\main\java\org\redisson\connection\ClusterConnectionManager.java,org.redisson.connection.ClusterConnectionManager,"shutdown/3[long,long,java.util.concurrent.TimeUnit]",quietPeriod,1
C:\Users\syuuj\gitProject\redisson\redisson\src\main\java\org\redisson\connection\ClusterConnectionManager.java,org.redisson.connection.ClusterConnectionManager,"shutdown/3[long,long,java.util.concurrent.TimeUnit]",unit,1
C:\Users\syuuj\gitProject\redisson\redisson\src\main\java\org\redisson\connection\ClusterConnectionManager.java,org.redisson.connection.ClusterConnectionManager,"shutdown/3[long,long,java.util.concurrent.TimeUnit]",timeout,1
C:\Users\syuuj\gitProject\redisson\redisson\src\main\java\org\redisson\connection\ClusterConnectionManager.java,org.redisson.connection.ClusterConnectionManager,removeEntry/1[java.lang.Integer],entry,1
C:\Users\syuuj\gitProject\redisson\redisson\src\main\java\org\redisson\connection\ClusterConnectionManager.java,org.redisson.connection.ClusterConnectionManager,removeEntry/1[java.lang.Integer],slot,1
C:\Users\syuuj\gitProject\redisson\redisson\src\main\java\org\redisson\connection\ClusterConnectionManager.java,org.redisson.connection.ClusterConnectionManager,getEntry/1[java.net.InetSocketAddress],entry,4
C:\Users\syuuj\gitProject\redisson\redisson\src\main\java\org\redisson\connection\ClusterConnectionManager.java,org.redisson.connection.ClusterConnectionManager,getEntry/1[java.net.InetSocketAddress],address,3
C:\Users\syuuj\gitProject\redisson\redisson\src\main\java\org\redisson\connection\ClusterConnectionManager.java,org.redisson.connection.ClusterConnectionManager,getEntry/1[java.net.InetSocketAddress],addr,2
C:\Users\syuuj\gitProject\redisson\redisson\src\main\java\org\redisson\connection\ClusterConnectionManager.java,org.redisson.connection.ClusterConnectionManager,calcSlot/1[java.lang.String],result,2
C:\Users\syuuj\gitProject\redisson\redisson\src\main\java\org\redisson\connection\ClusterConnectionManager.java,org.redisson.connection.ClusterConnectionManager,calcSlot/1[java.lang.String],start,3
C:\Users\syuuj\gitProject\redisson\redisson\src\main\java\org\redisson\connection\ClusterConnectionManager.java,org.redisson.connection.ClusterConnectionManager,calcSlot/1[java.lang.String],end,3
C:\Users\syuuj\gitProject\redisson\redisson\src\main\java\org\redisson\connection\ClusterConnectionManager.java,org.redisson.connection.ClusterConnectionManager,calcSlot/1[java.lang.String],key,7
C:\Users\syuuj\gitProject\redisson\redisson\src\main\java\org\redisson\connection\ClusterConnectionManager.java,org.redisson.connection.ClusterConnectionManager,"changeMaster/2[int,org.redisson.connection.RedisURI]",oldClient,1
C:\Users\syuuj\gitProject\redisson\redisson\src\main\java\org\redisson\connection\ClusterConnectionManager.java,org.redisson.connection.ClusterConnectionManager,"changeMaster/2[int,org.redisson.connection.RedisURI]",entry,3
C:\Users\syuuj\gitProject\redisson\redisson\src\main\java\org\redisson\connection\ClusterConnectionManager.java,org.redisson.connection.ClusterConnectionManager,"changeMaster/2[int,org.redisson.connection.RedisURI]",res,1
C:\Users\syuuj\gitProject\redisson\redisson\src\main\java\org\redisson\connection\ClusterConnectionManager.java,org.redisson.connection.ClusterConnectionManager,"changeMaster/2[int,org.redisson.connection.RedisURI]",address,1
C:\Users\syuuj\gitProject\redisson\redisson\src\main\java\org\redisson\connection\ClusterConnectionManager.java,org.redisson.connection.ClusterConnectionManager,"changeMaster/2[int,org.redisson.connection.RedisURI]",future,1
C:\Users\syuuj\gitProject\redisson\redisson\src\main\java\org\redisson\connection\ClusterConnectionManager.java,org.redisson.connection.ClusterConnectionManager,"changeMaster/2[int,org.redisson.connection.RedisURI]",slot,2
C:\Users\syuuj\gitProject\redisson\redisson\src\main\java\org\redisson\connection\ClusterConnectionManager.java,org.redisson.connection.ClusterConnectionManager,"addEntry/2[java.lang.Integer,org.redisson.connection.MasterSlaveEntry]",entry,6
C:\Users\syuuj\gitProject\redisson\redisson\src\main\java\org\redisson\connection\ClusterConnectionManager.java,org.redisson.connection.ClusterConnectionManager,"addEntry/2[java.lang.Integer,org.redisson.connection.MasterSlaveEntry]",oldEntry,2
C:\Users\syuuj\gitProject\redisson\redisson\src\main\java\org\redisson\connection\ClusterConnectionManager.java,org.redisson.connection.ClusterConnectionManager,"addEntry/2[java.lang.Integer,org.redisson.connection.MasterSlaveEntry]",slot,1
C:\Users\syuuj\gitProject\redisson\redisson\src\main\java\org\redisson\connection\ClusterConnectionManager.java,org.redisson.connection.ClusterConnectionManager,getLastPartitions/0,e,3
C:\Users\syuuj\gitProject\redisson\redisson\src\main\java\org\redisson\connection\ClusterConnectionManager.java,org.redisson.connection.ClusterConnectionManager,getEntry/1[org.redisson.connection.RedisClient],entry,2
C:\Users\syuuj\gitProject\redisson\redisson\src\main\java\org\redisson\connection\ClusterConnectionManager.java,org.redisson.connection.ClusterConnectionManager,getEntry/1[org.redisson.connection.RedisClient],mentry,2
C:\Users\syuuj\gitProject\redisson\redisson\src\main\java\org\redisson\connection\ClusterConnectionManager.java,org.redisson.connection.ClusterConnectionManager,getEntry/1[org.redisson.connection.RedisClient],redisClient,2
C:\Users\syuuj\gitProject\redisson\redisson\src\main\java\org\redisson\connection\ClusterConnectionManager.java,org.redisson.connection.ClusterConnectionManager,"checkClusterState/4[org.redisson.connection.ClusterServersConfig,java.util.Iterator<org.redisson.connection.RedisURI>,java.util.concurrent.atomic.AtomicReference<java.lang.Throwable>,java.util.List<org.redisson.connection.RedisURI>]",iterator,4
C:\Users\syuuj\gitProject\redisson\redisson\src\main\java\org\redisson\connection\ClusterConnectionManager.java,org.redisson.connection.ClusterConnectionManager,"checkClusterState/4[org.redisson.connection.ClusterServersConfig,java.util.Iterator<org.redisson.connection.RedisURI>,java.util.concurrent.atomic.AtomicReference<java.lang.Throwable>,java.util.List<org.redisson.connection.RedisURI>]",lastException,6
C:\Users\syuuj\gitProject\redisson\redisson\src\main\java\org\redisson\connection\ClusterConnectionManager.java,org.redisson.connection.ClusterConnectionManager,"checkClusterState/4[org.redisson.connection.ClusterServersConfig,java.util.Iterator<org.redisson.connection.RedisURI>,java.util.concurrent.atomic.AtomicReference<java.lang.Throwable>,java.util.List<org.redisson.connection.RedisURI>]",cfg,4
C:\Users\syuuj\gitProject\redisson\redisson\src\main\java\org\redisson\connection\ClusterConnectionManager.java,org.redisson.connection.ClusterConnectionManager,"checkClusterState/4[org.redisson.connection.ClusterServersConfig,java.util.Iterator<org.redisson.connection.RedisURI>,java.util.concurrent.atomic.AtomicReference<java.lang.Throwable>,java.util.List<org.redisson.connection.RedisURI>]",e,3
C:\Users\syuuj\gitProject\redisson\redisson\src\main\java\org\redisson\connection\ClusterConnectionManager.java,org.redisson.connection.ClusterConnectionManager,"checkClusterState/4[org.redisson.connection.ClusterServersConfig,java.util.Iterator<org.redisson.connection.RedisURI>,java.util.concurrent.atomic.AtomicReference<java.lang.Throwable>,java.util.List<org.redisson.connection.RedisURI>]",connection,1
C:\Users\syuuj\gitProject\redisson\redisson\src\main\java\org\redisson\connection\ClusterConnectionManager.java,org.redisson.connection.ClusterConnectionManager,"checkClusterState/4[org.redisson.connection.ClusterServersConfig,java.util.Iterator<org.redisson.connection.RedisURI>,java.util.concurrent.atomic.AtomicReference<java.lang.Throwable>,java.util.List<org.redisson.connection.RedisURI>]",allNodes,3
C:\Users\syuuj\gitProject\redisson\redisson\src\main\java\org\redisson\connection\ClusterConnectionManager.java,org.redisson.connection.ClusterConnectionManager,"checkClusterState/4[org.redisson.connection.ClusterServersConfig,java.util.Iterator<org.redisson.connection.RedisURI>,java.util.concurrent.atomic.AtomicReference<java.lang.Throwable>,java.util.List<org.redisson.connection.RedisURI>]",uri,2
C:\Users\syuuj\gitProject\redisson\redisson\src\main\java\org\redisson\connection\ClusterConnectionManager.java,org.redisson.connection.ClusterConnectionManager,"checkClusterState/4[org.redisson.connection.ClusterServersConfig,java.util.Iterator<org.redisson.connection.RedisURI>,java.util.concurrent.atomic.AtomicReference<java.lang.Throwable>,java.util.List<org.redisson.connection.RedisURI>]",connectionFuture,1
C:\Users\syuuj\gitProject\redisson\redisson\src\main\java\org\redisson\connection\ClusterConnectionManager.java,org.redisson.connection.ClusterConnectionManager,"updateClusterState/6[org.redisson.connection.ClusterServersConfig,org.redisson.connection.RedisConnection,java.util.Iterator<org.redisson.connection.RedisURI>,org.redisson.connection.RedisURI,java.util.concurrent.atomic.AtomicReference<java.lang.Throwable>,java.util.List<org.redisson.connection.RedisURI>]",lastException,7
C:\Users\syuuj\gitProject\redisson\redisson\src\main\java\org\redisson\connection\ClusterConnectionManager.java,org.redisson.connection.ClusterConnectionManager,"updateClusterState/6[org.redisson.connection.ClusterServersConfig,org.redisson.connection.RedisConnection,java.util.Iterator<org.redisson.connection.RedisURI>,org.redisson.connection.RedisURI,java.util.concurrent.atomic.AtomicReference<java.lang.Throwable>,java.util.List<org.redisson.connection.RedisURI>]",newPartitions,8
C:\Users\syuuj\gitProject\redisson\redisson\src\main\java\org\redisson\connection\ClusterConnectionManager.java,org.redisson.connection.ClusterConnectionManager,"updateClusterState/6[org.redisson.connection.ClusterServersConfig,org.redisson.connection.RedisConnection,java.util.Iterator<org.redisson.connection.RedisURI>,org.redisson.connection.RedisURI,java.util.concurrent.atomic.AtomicReference<java.lang.Throwable>,java.util.List<org.redisson.connection.RedisURI>]",cfg,5
C:\Users\syuuj\gitProject\redisson\redisson\src\main\java\org\redisson\connection\ClusterConnectionManager.java,org.redisson.connection.ClusterConnectionManager,"updateClusterState/6[org.redisson.connection.ClusterServersConfig,org.redisson.connection.RedisConnection,java.util.Iterator<org.redisson.connection.RedisURI>,org.redisson.connection.RedisURI,java.util.concurrent.atomic.AtomicReference<java.lang.Throwable>,java.util.List<org.redisson.connection.RedisURI>]",e,3
C:\Users\syuuj\gitProject\redisson\redisson\src\main\java\org\redisson\connection\ClusterConnectionManager.java,org.redisson.connection.ClusterConnectionManager,"updateClusterState/6[org.redisson.connection.ClusterServersConfig,org.redisson.connection.RedisConnection,java.util.Iterator<org.redisson.connection.RedisURI>,org.redisson.connection.RedisURI,java.util.concurrent.atomic.AtomicReference<java.lang.Throwable>,java.util.List<org.redisson.connection.RedisURI>]",newPartitionsFuture,3
C:\Users\syuuj\gitProject\redisson\redisson\src\main\java\org\redisson\connection\ClusterConnectionManager.java,org.redisson.connection.ClusterConnectionManager,"updateClusterState/6[org.redisson.connection.ClusterServersConfig,org.redisson.connection.RedisConnection,java.util.Iterator<org.redisson.connection.RedisURI>,org.redisson.connection.RedisURI,java.util.concurrent.atomic.AtomicReference<java.lang.Throwable>,java.util.List<org.redisson.connection.RedisURI>]",nodesValue,6
C:\Users\syuuj\gitProject\redisson\redisson\src\main\java\org\redisson\connection\ClusterConnectionManager.java,org.redisson.connection.ClusterConnectionManager,"updateClusterState/6[org.redisson.connection.ClusterServersConfig,org.redisson.connection.RedisConnection,java.util.Iterator<org.redisson.connection.RedisURI>,org.redisson.connection.RedisURI,java.util.concurrent.atomic.AtomicReference<java.lang.Throwable>,java.util.List<org.redisson.connection.RedisURI>]",uri,1
C:\Users\syuuj\gitProject\redisson\redisson\src\main\java\org\redisson\connection\ClusterConnectionManager.java,org.redisson.connection.ClusterConnectionManager,"updateClusterState/6[org.redisson.connection.ClusterServersConfig,org.redisson.connection.RedisConnection,java.util.Iterator<org.redisson.connection.RedisURI>,org.redisson.connection.RedisURI,java.util.concurrent.atomic.AtomicReference<java.lang.Throwable>,java.util.List<org.redisson.connection.RedisURI>]",allNodes,3
C:\Users\syuuj\gitProject\redisson\redisson\src\main\java\org\redisson\connection\ClusterConnectionManager.java,org.redisson.connection.ClusterConnectionManager,"updateClusterState/6[org.redisson.connection.ClusterServersConfig,org.redisson.connection.RedisConnection,java.util.Iterator<org.redisson.connection.RedisURI>,org.redisson.connection.RedisURI,java.util.concurrent.atomic.AtomicReference<java.lang.Throwable>,java.util.List<org.redisson.connection.RedisURI>]",exc,2
C:\Users\syuuj\gitProject\redisson\redisson\src\main\java\org\redisson\connection\ClusterConnectionManager.java,org.redisson.connection.ClusterConnectionManager,"updateClusterState/6[org.redisson.connection.ClusterServersConfig,org.redisson.connection.RedisConnection,java.util.Iterator<org.redisson.connection.RedisURI>,org.redisson.connection.RedisURI,java.util.concurrent.atomic.AtomicReference<java.lang.Throwable>,java.util.List<org.redisson.connection.RedisURI>]",iterator,3
C:\Users\syuuj\gitProject\redisson\redisson\src\main\java\org\redisson\connection\ClusterConnectionManager.java,org.redisson.connection.ClusterConnectionManager,"updateClusterState/6[org.redisson.connection.ClusterServersConfig,org.redisson.connection.RedisConnection,java.util.Iterator<org.redisson.connection.RedisURI>,org.redisson.connection.RedisURI,java.util.concurrent.atomic.AtomicReference<java.lang.Throwable>,java.util.List<org.redisson.connection.RedisURI>]",r,2
C:\Users\syuuj\gitProject\redisson\redisson\src\main\java\org\redisson\connection\ClusterConnectionManager.java,org.redisson.connection.ClusterConnectionManager,"updateClusterState/6[org.redisson.connection.ClusterServersConfig,org.redisson.connection.RedisConnection,java.util.Iterator<org.redisson.connection.RedisURI>,org.redisson.connection.RedisURI,java.util.concurrent.atomic.AtomicReference<java.lang.Throwable>,java.util.List<org.redisson.connection.RedisURI>]",nodes,4
C:\Users\syuuj\gitProject\redisson\redisson\src\main\java\org\redisson\connection\ClusterConnectionManager.java,org.redisson.connection.ClusterConnectionManager,"updateClusterState/6[org.redisson.connection.ClusterServersConfig,org.redisson.connection.RedisConnection,java.util.Iterator<org.redisson.connection.RedisURI>,org.redisson.connection.RedisURI,java.util.concurrent.atomic.AtomicReference<java.lang.Throwable>,java.util.List<org.redisson.connection.RedisURI>]",ex,8
C:\Users\syuuj\gitProject\redisson\redisson\src\main\java\org\redisson\connection\ClusterConnectionManager.java,org.redisson.connection.ClusterConnectionManager,"updateClusterState/6[org.redisson.connection.ClusterServersConfig,org.redisson.connection.RedisConnection,java.util.Iterator<org.redisson.connection.RedisURI>,org.redisson.connection.RedisURI,java.util.concurrent.atomic.AtomicReference<java.lang.Throwable>,java.util.List<org.redisson.connection.RedisURI>]",future,1
C:\Users\syuuj\gitProject\redisson\redisson\src\main\java\org\redisson\connection\ClusterConnectionManager.java,org.redisson.connection.ClusterConnectionManager,"updateClusterState/6[org.redisson.connection.ClusterServersConfig,org.redisson.connection.RedisConnection,java.util.Iterator<org.redisson.connection.RedisURI>,org.redisson.connection.RedisURI,java.util.concurrent.atomic.AtomicReference<java.lang.Throwable>,java.util.List<org.redisson.connection.RedisURI>]",connection,4
C:\Users\syuuj\gitProject\redisson\redisson\src\main\java\org\redisson\connection\ClusterConnectionManager.java,org.redisson.connection.ClusterConnectionManager,"updateClusterState/6[org.redisson.connection.ClusterServersConfig,org.redisson.connection.RedisConnection,java.util.Iterator<org.redisson.connection.RedisURI>,org.redisson.connection.RedisURI,java.util.concurrent.atomic.AtomicReference<java.lang.Throwable>,java.util.List<org.redisson.connection.RedisURI>]",clusterNodeInfo,3
C:\Users\syuuj\gitProject\redisson\redisson\src\main\java\org\redisson\connection\ClusterConnectionManager.java,org.redisson.connection.ClusterConnectionManager,getEntry/1[org.redisson.connection.RedisURI],entry,4
C:\Users\syuuj\gitProject\redisson\redisson\src\main\java\org\redisson\connection\ClusterConnectionManager.java,org.redisson.connection.ClusterConnectionManager,getEntry/1[org.redisson.connection.RedisURI],addr,2
C:\Users\syuuj\gitProject\redisson\redisson\src\main\java\org\redisson\connection\ClusterConnectionManager.java,org.redisson.connection.ClusterConnectionManager,calcSlot/1[byte[]],result,1
C:\Users\syuuj\gitProject\redisson\redisson\src\main\java\org\redisson\connection\ClusterConnectionManager.java,org.redisson.connection.ClusterConnectionManager,calcSlot/1[byte[]],start,3
C:\Users\syuuj\gitProject\redisson\redisson\src\main\java\org\redisson\connection\ClusterConnectionManager.java,org.redisson.connection.ClusterConnectionManager,calcSlot/1[byte[]],end,3
C:\Users\syuuj\gitProject\redisson\redisson\src\main\java\org\redisson\connection\ClusterConnectionManager.java,org.redisson.connection.ClusterConnectionManager,calcSlot/1[byte[]],key,6
C:\Users\syuuj\gitProject\redisson\redisson\src\main\java\org\redisson\connection\ClusterConnectionManager.java,org.redisson.connection.ClusterConnectionManager,"removeEntry/2[java.lang.Integer,org.redisson.connection.MasterSlaveEntry]",entry,2
C:\Users\syuuj\gitProject\redisson\redisson\src\main\java\org\redisson\connection\ClusterConnectionManager.java,org.redisson.connection.ClusterConnectionManager,"removeEntry/2[java.lang.Integer,org.redisson.connection.MasterSlaveEntry]",slot,1
C:\Users\syuuj\gitProject\redisson\redisson\src\main\java\org\redisson\connection\ClusterConnectionManager.java,org.redisson.connection.ClusterConnectionManager,"ClusterConnectionManager/2[org.redisson.connection.ClusterServersConfig,org.redisson.connection.Config]",cfg,2
C:\Users\syuuj\gitProject\redisson\redisson\src\main\java\org\redisson\connection\ClusterConnectionManager.java,org.redisson.connection.ClusterConnectionManager,"ClusterConnectionManager/2[org.redisson.connection.ClusterServersConfig,org.redisson.connection.Config]",configCopy,1
C:\Users\syuuj\gitProject\redisson\redisson\src\main\java\org\redisson\connection\ClusterConnectionManager.java,org.redisson.connection.ClusterConnectionManager,"upDownSlaves/4[org.redisson.connection.MasterSlaveEntry,org.redisson.connection.ClusterPartition,org.redisson.connection.ClusterPartition,java.util.Set<org.redisson.connection.RedisURI>]",entry,4
C:\Users\syuuj\gitProject\redisson\redisson\src\main\java\org\redisson\connection\ClusterConnectionManager.java,org.redisson.connection.ClusterConnectionManager,"upDownSlaves/4[org.redisson.connection.MasterSlaveEntry,org.redisson.connection.ClusterPartition,org.redisson.connection.ClusterPartition,java.util.Set<org.redisson.connection.RedisURI>]",f,3
C:\Users\syuuj\gitProject\redisson\redisson\src\main\java\org\redisson\connection\ClusterConnectionManager.java,org.redisson.connection.ClusterConnectionManager,"upDownSlaves/4[org.redisson.connection.MasterSlaveEntry,org.redisson.connection.ClusterPartition,org.redisson.connection.ClusterPartition,java.util.Set<org.redisson.connection.RedisURI>]",v,2
C:\Users\syuuj\gitProject\redisson\redisson\src\main\java\org\redisson\connection\ClusterConnectionManager.java,org.redisson.connection.ClusterConnectionManager,"upDownSlaves/4[org.redisson.connection.MasterSlaveEntry,org.redisson.connection.ClusterPartition,org.redisson.connection.ClusterPartition,java.util.Set<org.redisson.connection.RedisURI>]",addedSlaves,1
C:\Users\syuuj\gitProject\redisson\redisson\src\main\java\org\redisson\connection\ClusterConnectionManager.java,org.redisson.connection.ClusterConnectionManager,"upDownSlaves/4[org.redisson.connection.MasterSlaveEntry,org.redisson.connection.ClusterPartition,org.redisson.connection.ClusterPartition,java.util.Set<org.redisson.connection.RedisURI>]",currentPart,6
C:\Users\syuuj\gitProject\redisson\redisson\src\main\java\org\redisson\connection\ClusterConnectionManager.java,org.redisson.connection.ClusterConnectionManager,"upDownSlaves/4[org.redisson.connection.MasterSlaveEntry,org.redisson.connection.ClusterPartition,org.redisson.connection.ClusterPartition,java.util.Set<org.redisson.connection.RedisURI>]",nonFailedSlaves,1
C:\Users\syuuj\gitProject\redisson\redisson\src\main\java\org\redisson\connection\ClusterConnectionManager.java,org.redisson.connection.ClusterConnectionManager,"upDownSlaves/4[org.redisson.connection.MasterSlaveEntry,org.redisson.connection.ClusterPartition,org.redisson.connection.ClusterPartition,java.util.Set<org.redisson.connection.RedisURI>]",newPart,2
C:\Users\syuuj\gitProject\redisson\redisson\src\main\java\org\redisson\connection\ClusterConnectionManager.java,org.redisson.connection.ClusterConnectionManager,"upDownSlaves/4[org.redisson.connection.MasterSlaveEntry,org.redisson.connection.ClusterPartition,org.redisson.connection.ClusterPartition,java.util.Set<org.redisson.connection.RedisURI>]",futures,2
C:\Users\syuuj\gitProject\redisson\redisson\src\main\java\org\redisson\connection\ClusterConnectionManager.java,org.redisson.connection.ClusterConnectionManager,"upDownSlaves/4[org.redisson.connection.MasterSlaveEntry,org.redisson.connection.ClusterPartition,org.redisson.connection.ClusterPartition,java.util.Set<org.redisson.connection.RedisURI>]",uri,15
C:\Users\syuuj\gitProject\redisson\redisson\src\main\java\org\redisson\connection\ClusterConnectionManager.java,org.redisson.connection.ClusterConnectionManager,"upDownSlaves/4[org.redisson.connection.MasterSlaveEntry,org.redisson.connection.ClusterPartition,org.redisson.connection.ClusterPartition,java.util.Set<org.redisson.connection.RedisURI>]",slaveDown,2
C:\Users\syuuj\gitProject\redisson\redisson\src\main\java\org\redisson\connection\ClusterConnectionManager.java,org.redisson.connection.ClusterConnectionManager,"indexOf/2[byte[],byte]",array,2
C:\Users\syuuj\gitProject\redisson\redisson\src\main\java\org\redisson\connection\ClusterConnectionManager.java,org.redisson.connection.ClusterConnectionManager,"indexOf/2[byte[],byte]",i,4
C:\Users\syuuj\gitProject\redisson\redisson\src\main\java\org\redisson\connection\ClusterConnectionManager.java,org.redisson.connection.ClusterConnectionManager,"indexOf/2[byte[],byte]",element,1
